age,tenure_years,dependents,num_products,income,credit_score,is_active,has_mortgage,balance,spending_score,city,job_type,target_tier,income_per_dependent,balance_to_income,tenure_per_age
67,8.4,3,3,1050.41,592.0,0,1,609.98,46.7,La Libertad,Clerk,Silver,262.6025,0.5801542690292084,0.12352941176470589
42,5.9,1,2,377.66,495.0,0,0,102.72,22.7,Santa Ana,Clerk,Silver,188.83,0.2712723815560133,0.1372093023255814
42,6.6,4,3,1266.71,545.0,0,0,600.18,32.4,San Salvador,Clerk,Silver,253.342,0.47343635374020865,0.15348837209302324
36,4.8,1,2,1429.48,548.0,0,0,525.32,49.3,San Miguel,Professional,Gold,714.74,0.3672333762093843,0.12972972972972974
69,10.0,1,2,798.11,563.0,0,0,236.42,40.2,San Salvador,Technician,Silver,399.055,0.2958541377282226,0.14285714285714285
73,11.2,1,1,1005.81,632.0,0,0,549.39,42.0,San Salvador,Clerk,Gold,502.905,0.5456739603301517,0.15135135135135133
64,8.5,0,2,2230.82,645.0,1,0,1305.3,73.9,Santa Ana,Manager,Platinum,2230.82,0.5848589940048928,0.13076923076923078
55,7.7,0,4,1635.1,615.0,0,0,685.62,67.2,San Miguel,Professional,Gold,1635.1,0.41905751482183246,0.1375
26,2.5,3,2,2492.41,550.0,1,1,1183.43,92.0,San Miguel,Manager,Gold,623.1025,0.47462310650875716,0.09259259259259259
53,1.4,0,1,823.92,609.0,0,1,246.9,31.1,La Libertad,Clerk,Silver,823.92,0.29930175047277313,0.025925925925925925
24,0.0,1,1,756.48,508.0,0,0,357.19,11.3,La Libertad,Clerk,Silver,378.24,0.4715504039710619,0.0
59,8.2,3,2,745.6,541.0,0,1,200.26,41.5,San Salvador,Clerk,Silver,186.4,0.26822930618805246,0.13666666666666666
60,8.8,0,2,1153.08,573.0,0,0,440.64,52.5,San Salvador,Professional,Platinum,1153.08,0.38181061971440455,0.14426229508196722
47,4.1,0,1,1046.36,513.0,1,1,574.01,45.3,San Salvador,Professional,Gold,1046.36,0.5480541552092881,0.08541666666666665
20,2.7,2,3,597.93,568.0,0,0,191.82,37.1,La Libertad,Clerk,Silver,199.30999999999997,0.3202711502178886,0.1285714285714286
71,9.8,0,4,1448.11,561.0,1,0,821.93,68.1,San Salvador,Clerk,Silver,1448.11,0.5671964171111924,0.13611111111111113
39,3.7,0,1,437.97,551.0,0,0,236.65,47.6,Sonsonate,Student,Silver,437.97,0.5391028999703852,0.0925
23,1.0,0,3,731.24,506.0,0,1,294.59,38.9,Santa Ana,Clerk,Silver,731.24,0.40231344914235767,0.041666666666666664
34,2.6,0,3,1496.72,572.0,1,0,706.49,85.0,La Libertad,Clerk,Gold,1496.72,0.47171033303955345,0.07428571428571429
69,11.0,2,3,476.88,592.0,1,0,165.37,56.6,Santa Ana,Clerk,Gold,158.96,0.3460492173767473,0.15714285714285714
57,7.3,0,2,1355.5,640.0,0,0,259.6,50.3,San Salvador,Self-Employed,Gold,1355.5,0.19137486177663104,0.12586206896551724
37,6.2,3,4,834.84,564.0,0,0,548.71,35.6,La Libertad,Technician,Silver,208.71,0.6564773162327718,0.1631578947368421
62,9.7,2,2,1469.46,613.0,0,0,276.83,45.4,San Salvador,Technician,Gold,489.82,0.18826081634318512,0.15396825396825395
22,0.5,0,3,4355.84,618.0,0,0,1715.15,100.0,Santa Ana,Manager,Platinum,4355.84,0.3936683467834486,0.021739130434782608
39,4.6,0,4,640.89,538.0,1,0,380.45,61.0,San Salvador,Clerk,Gold,640.89,0.5927027995450934,0.11499999999999999
19,0.0,0,1,279.96,528.0,0,0,112.04,30.7,Santa Ana,Student,Silver,279.96,0.39877562642369024,0.0
37,5.9,0,1,440.94,519.0,1,0,218.44,43.4,Sonsonate,Clerk,Silver,440.94,0.49427524098293885,0.15526315789473685
63,12.0,3,1,758.5,497.0,0,0,307.69,9.7,San Salvador,Clerk,Silver,189.625,0.4051217906517446,0.1875
38,1.6,0,2,855.86,565.0,0,0,353.51,25.2,San Miguel,Clerk,Silver,855.86,0.41256447961160514,0.041025641025641026
46,3.3,0,2,1360.22,538.0,1,0,850.38,43.0,San Miguel,Professional,Platinum,1360.22,0.624719002071671,0.0702127659574468
72,6.7,2,3,1774.48,603.0,1,0,977.53,88.9,San Salvador,Technician,Gold,591.4933333333333,0.5505722396197085,0.09178082191780822
21,0.0,0,2,1329.68,512.0,0,1,555.31,38.0,La Unión,Professional,Silver,1329.68,0.4173129527760242,0.0
35,4.5,1,4,1064.58,581.0,1,1,826.56,59.5,San Salvador,Technician,Gold,532.29,0.7756902344263218,0.125
27,2.6,0,2,881.06,539.0,0,0,389.28,41.4,Santa Ana,Student,Silver,881.06,0.4413305217332154,0.09285714285714286
49,6.9,1,2,973.94,561.0,0,0,364.54,64.0,San Salvador,Clerk,Gold,486.97,0.3739101893449853,0.138
27,0.0,0,2,692.66,499.0,1,0,371.55,40.2,San Salvador,Student,Silver,692.66,0.5356370556180262,0.0
28,1.6,0,2,964.96,565.0,1,0,486.79,50.6,Sonsonate,Clerk,Silver,964.96,0.5039442627023893,0.055172413793103454
32,2.6,0,1,1023.75,514.0,1,0,623.53,52.4,San Salvador,Clerk,Gold,1023.75,0.6084703586240546,0.0787878787878788
33,5.6,0,1,1079.51,585.0,0,0,456.88,52.2,La Libertad,Technician,Gold,1079.51,0.42283736383744713,0.16470588235294117
70,10.0,3,1,1412.39,604.0,0,0,486.67,34.4,Sonsonate,Manager,Gold,353.0975,0.3443281755212645,0.14084507042253522
53,6.8,0,2,851.12,531.0,0,0,415.99,47.0,La Unión,Clerk,Silver,851.12,0.4881824156222128,0.1259259259259259
63,9.4,2,1,1422.76,583.0,0,0,715.39,49.3,La Unión,Professional,Gold,474.25333333333333,0.5024653031409788,0.146875
51,10.8,2,3,703.02,510.0,0,0,237.8,29.7,Sonsonate,Clerk,Silver,234.34,0.3377744950427545,0.2076923076923077
33,4.1,0,1,2762.34,586.0,1,0,1607.04,90.8,San Salvador,Professional,Platinum,2762.34,0.5815571011891406,0.12058823529411763
48,5.3,1,2,1038.87,515.0,1,1,847.42,50.1,Santa Ana,Manager,Platinum,519.435,0.8149287891755701,0.10816326530612244
27,1.4,2,2,352.51,542.0,1,0,210.32,51.1,Santa Ana,Student,Silver,117.50333333333333,0.5949478091143108,0.049999999999999996
73,13.6,0,3,2688.93,597.0,0,0,670.89,94.6,Santa Ana,Manager,Platinum,2688.93,0.24940797715925694,0.18378378378378377
44,5.6,2,2,805.77,531.0,0,0,140.99,52.2,La Unión,Technician,Silver,268.59,0.17475860530262655,0.12444444444444444
46,4.2,0,2,656.06,518.0,0,0,178.08,31.6,La Libertad,Clerk,Silver,656.06,0.2710254771253767,0.08936170212765958
23,0.0,1,4,545.18,518.0,0,0,172.91,50.4,San Salvador,Clerk,Silver,272.59,0.3165806144494489,0.0
27,1.5,0,2,1638.81,523.0,0,0,825.18,56.1,La Libertad,Manager,Gold,1638.81,0.5032168360968649,0.05357142857142857
63,9.8,0,1,508.27,539.0,1,0,215.98,20.2,La Libertad,Clerk,Gold,508.27,0.42409723722190584,0.153125
48,5.8,0,2,563.84,578.0,0,0,334.57,44.4,La Unión,Clerk,Silver,563.84,0.5923270306635507,0.1183673469387755
37,1.7,1,1,2550.7,619.0,1,0,1886.35,84.9,Santa Ana,Manager,Platinum,1275.35,0.7392522631970843,0.04473684210526316
69,8.1,0,4,2047.27,574.0,0,1,610.58,74.7,La Libertad,Manager,Platinum,2047.27,0.2980954659297847,0.11571428571428571
68,7.1,2,3,1134.17,548.0,1,0,659.5,71.5,La Libertad,Professional,Gold,378.0566666666667,0.5809702511518098,0.10289855072463767
30,0.8,0,2,1413.01,523.0,1,0,853.04,55.4,San Salvador,Self-Employed,Gold,1413.01,0.6032772045459367,0.025806451612903226
68,8.2,3,3,4495.51,696.0,0,0,2198.85,100.0,San Salvador,Manager,Platinum,1123.8775,0.4890125897640614,0.11884057971014492
20,1.8,1,2,704.6,536.0,0,0,265.75,31.0,La Libertad,Clerk,Silver,352.3,0.37662981859410427,0.08571428571428572
27,4.5,0,1,198.1,550.0,0,0,72.57,27.2,Sonsonate,Student,Silver,198.1,0.36449020592667,0.16071428571428573
37,0.6,0,2,571.93,495.0,1,1,272.32,47.5,Sonsonate,Technician,Silver,571.93,0.4753111200321156,0.015789473684210527
31,3.6,2,1,652.98,574.0,0,0,218.32,28.9,San Salvador,Clerk,Silver,217.66,0.33383283892473775,0.1125
48,5.2,3,3,858.52,549.0,1,0,524.47,65.6,La Unión,Professional,Gold,214.63,0.6101894080416977,0.10612244897959185
72,13.8,1,3,1581.31,599.0,1,1,608.41,74.7,La Libertad,Professional,Platinum,790.655,0.38450746061138463,0.18904109589041096
35,4.4,0,1,891.35,569.0,1,0,239.73,55.0,San Salvador,Self-Employed,Platinum,891.35,0.26865019330979995,0.12222222222222223
49,5.8,0,1,682.73,527.0,0,0,250.19,31.3,La Libertad,Clerk,Silver,682.73,0.3659192956283913,0.11599999999999999
58,6.9,0,3,248.41,558.0,0,0,130.41,27.5,San Miguel,Student,Silver,248.41,0.5228739825989335,0.11694915254237288
27,0.7,0,2,979.87,567.0,1,0,559.69,47.6,La Unión,Professional,Gold,979.87,0.5706056867882594,0.024999999999999998
40,4.2,0,1,1188.96,562.0,0,0,284.67,41.2,La Libertad,Self-Employed,Gold,1188.96,0.23922652862281085,0.10243902439024391
49,6.2,1,1,1550.78,520.0,0,1,252.58,42.5,San Salvador,Clerk,Gold,775.39,0.162767918132725,0.124
68,9.8,1,2,241.46,580.0,0,0,73.07,22.5,La Unión,Student,Silver,120.73,0.30136929802854073,0.14202898550724638
38,2.7,0,2,598.09,528.0,0,0,243.66,28.9,Sonsonate,Clerk,Silver,598.09,0.40671685389507417,0.06923076923076923
46,6.5,4,2,1145.63,495.0,0,0,656.85,37.5,Santa Ana,Professional,Gold,229.12600000000003,0.5728526202872766,0.13829787234042554
26,1.0,0,5,511.96,578.0,0,0,223.86,44.4,La Libertad,Clerk,Silver,511.96,0.4364082969432314,0.037037037037037035
39,4.3,2,1,360.41,525.0,0,0,103.6,18.1,La Unión,Clerk,Silver,120.13666666666667,0.2866550455161727,0.1075
24,3.9,0,2,780.47,501.0,1,1,488.17,42.2,San Miguel,Technician,Silver,780.47,0.6246816896361984,0.156
38,3.3,0,4,1533.08,511.0,0,0,332.57,60.5,San Miguel,Professional,Gold,1533.08,0.21678791197329997,0.0846153846153846
65,6.3,0,2,2798.99,601.0,0,1,1150.99,77.8,Santa Ana,Manager,Platinum,2798.99,0.4110693252475902,0.09545454545454546
65,8.2,1,4,2824.14,549.0,0,1,1094.46,76.6,Sonsonate,Professional,Silver,1412.07,0.3874002704290761,0.12424242424242424
38,6.9,3,2,309.5,509.0,1,0,103.38,40.3,Santa Ana,Clerk,Silver,77.375,0.33294685990338163,0.17692307692307693
61,6.5,1,5,906.95,585.0,1,0,540.44,82.6,San Miguel,Technician,Gold,453.475,0.5952310149237293,0.10483870967741936
19,0.0,1,1,551.9,547.0,0,0,375.0,32.9,San Miguel,Clerk,Silver,275.95,0.6782419967444384,0.0
74,7.6,1,1,1933.93,512.0,1,0,1186.77,71.8,San Salvador,Professional,Gold,966.965,0.6133400174683321,0.10133333333333333
59,8.9,2,2,1186.07,606.0,1,0,767.67,55.4,San Salvador,Professional,Platinum,395.3566666666666,0.6466931183502237,0.14833333333333334
19,2.5,1,2,426.4,534.0,1,1,187.65,33.2,Sonsonate,Clerk,Silver,213.2,0.43905007019185777,0.125
58,8.8,0,2,1052.1,584.0,0,0,490.22,54.4,San Salvador,Clerk,Silver,1052.1,0.4655018516760042,0.14915254237288136
61,8.9,0,1,2649.15,587.0,0,1,888.98,66.9,Santa Ana,Manager,Gold,2649.15,0.33544516348131237,0.1435483870967742
64,6.8,2,2,654.0,588.0,1,1,419.03,48.4,San Salvador,Clerk,Silver,218.0,0.6397404580152671,0.10461538461538461
37,0.0,0,1,2405.12,557.0,1,0,1722.56,99.3,Sonsonate,Professional,Gold,2405.12,0.7159077685235982,0.0
38,4.9,1,1,1356.27,545.0,1,0,850.07,40.9,San Salvador,Technician,Gold,678.135,0.6263086931855858,0.12564102564102564
72,13.9,1,1,2022.25,626.0,0,0,698.42,68.8,La Unión,Manager,Platinum,1011.125,0.34519708389966636,0.19041095890410958
55,9.9,0,1,1205.14,583.0,1,1,576.05,44.3,La Libertad,Professional,Platinum,1205.14,0.4775979571194056,0.1767857142857143
64,7.9,1,1,783.0,564.0,1,0,368.14,42.9,San Miguel,Clerk,Silver,391.5,0.46956632653061225,0.12153846153846154
22,0.9,2,4,550.73,542.0,1,1,379.71,59.2,Santa Ana,Clerk,Silver,183.57666666666668,0.6882170626937089,0.0391304347826087
62,5.4,0,1,913.53,607.0,0,0,449.32,15.3,La Libertad,Manager,Platinum,913.53,0.491312477447432,0.08571428571428572
38,7.2,1,3,957.48,538.0,1,0,632.79,72.1,San Salvador,Technician,Gold,478.74,0.6602015691511559,0.18461538461538463
56,7.1,0,3,507.6,572.0,1,0,371.55,43.3,San Miguel,Self-Employed,Gold,507.6,0.7305348014156507,0.12456140350877193
70,7.5,0,1,158.21,593.0,1,0,80.79,39.8,San Miguel,Student,Silver,158.21,0.5074429998115696,0.1056338028169014
27,0.3,2,3,1109.53,619.0,0,0,254.27,42.5,Sonsonate,Technician,Silver,369.8433333333333,0.2289627475169514,0.010714285714285714
39,4.0,2,3,665.71,525.0,0,0,270.38,36.0,Santa Ana,Clerk,Silver,221.90333333333334,0.40554363966342183,0.1
54,7.7,1,1,975.44,526.0,1,0,411.54,35.4,La Unión,Self-Employed,Silver,487.72,0.42146982917537174,0.14
54,8.3,0,2,473.36,530.0,1,0,241.46,36.4,San Salvador,Clerk,Gold,473.36,0.5090226831941985,0.1509090909090909
55,7.9,0,1,853.84,616.0,0,0,235.46,29.0,Sonsonate,Technician,Silver,853.84,0.27544335782134666,0.14107142857142857
37,2.9,1,3,873.12,564.0,0,0,115.07,52.6,San Miguel,Clerk,Silver,436.56,0.13164096462728228,0.07631578947368421
44,5.6,0,2,2730.66,586.0,1,0,1463.36,97.0,Sonsonate,Professional,Gold,2730.66,0.53570356486532,0.12444444444444444
65,8.6,0,2,364.64,522.0,0,0,178.18,41.4,La Libertad,Student,Silver,364.64,0.48730992232797293,0.1303030303030303
18,0.0,2,3,2103.62,567.0,1,1,630.72,82.9,San Salvador,Self-Employed,Gold,701.2066666666666,0.299683553325541,0.0
58,8.7,0,5,532.81,555.0,1,0,320.92,79.1,Santa Ana,Clerk,Silver,532.81,0.6011876885034002,0.14745762711864405
49,8.0,1,2,1389.3,637.0,0,0,393.82,50.7,San Miguel,Professional,Platinum,694.65,0.2832626051931238,0.16
65,7.5,0,2,934.71,524.0,0,0,421.04,54.6,Sonsonate,Clerk,Silver,934.71,0.4499684731380449,0.11363636363636363
18,0.0,2,1,459.12,557.0,0,0,88.97,39.2,La Libertad,Clerk,Silver,153.04,0.1933626010605929,0.0
72,13.2,0,1,347.79,500.0,1,0,261.55,35.9,La Unión,Clerk,Silver,347.79,0.7498781501763239,0.18082191780821916
72,7.8,1,3,2965.6,589.0,1,1,2010.43,91.1,San Salvador,Manager,Platinum,1482.8,0.6776882626575879,0.10684931506849314
34,1.5,1,2,1150.79,588.0,1,0,489.89,49.3,San Salvador,Technician,Gold,575.395,0.42532927009263843,0.04285714285714286
55,6.0,0,2,1758.21,540.0,1,1,1203.19,81.9,San Miguel,Professional,Gold,1758.21,0.6839376765707335,0.10714285714285714
61,9.8,1,2,862.84,573.0,0,0,301.29,38.9,Santa Ana,Technician,Gold,431.42,0.34877986664197075,0.15806451612903227
64,12.8,1,1,1799.96,608.0,1,1,944.12,61.8,San Miguel,Professional,Gold,899.98,0.5242315209665955,0.19692307692307692
23,2.2,0,2,1731.73,611.0,1,0,775.96,72.5,La Libertad,Manager,Platinum,1731.73,0.4478251083550236,0.09166666666666667
65,10.1,0,1,606.79,611.0,1,0,387.4,49.8,Santa Ana,Clerk,Gold,606.79,0.6373912041988187,0.15303030303030302
72,5.8,0,3,3091.58,615.0,1,1,2059.53,100.0,San Miguel,Manager,Platinum,3091.58,0.6659585200706207,0.07945205479452054
21,1.5,0,2,375.05,466.0,0,0,236.57,33.8,La Unión,Student,Silver,375.05,0.6290918760803085,0.06818181818181818
31,3.0,1,1,1674.38,564.0,0,0,380.76,47.5,San Salvador,Professional,Gold,837.19,0.22726784371306805,0.09375
24,1.7,1,3,234.42,536.0,1,0,143.74,51.4,La Libertad,Student,Silver,117.21,0.6105683459349249,0.068
46,7.0,2,2,514.14,516.0,1,0,316.65,38.5,Santa Ana,Clerk,Silver,171.38,0.6146872694801413,0.14893617021276595
46,4.3,0,1,1198.69,532.0,0,0,292.07,31.4,Santa Ana,Professional,Silver,1198.69,0.2434545590944327,0.09148936170212765
39,3.9,3,3,2219.89,543.0,0,0,998.5,73.5,San Salvador,Technician,Silver,554.9725,0.4495945319218872,0.0975
40,6.5,0,3,899.53,624.0,0,0,380.26,63.2,San Miguel,Technician,Silver,899.53,0.42226244544879127,0.15853658536585366
70,9.2,1,1,338.49,525.0,1,1,229.99,37.5,Sonsonate,Clerk,Silver,169.245,0.6774573625143597,0.1295774647887324
39,4.3,2,2,596.7,494.0,1,0,279.71,43.8,San Salvador,Clerk,Silver,198.9,0.4679772461100886,0.1075
37,7.8,0,1,864.26,583.0,0,0,287.52,23.5,La Unión,Clerk,Silver,864.26,0.3322931835517648,0.20526315789473684
70,9.6,0,3,730.98,526.0,0,1,144.72,22.8,San Salvador,Clerk,Gold,730.98,0.1977103199540971,0.1352112676056338
21,3.4,0,1,486.05,593.0,1,0,303.77,24.0,San Salvador,Technician,Platinum,486.05,0.6236936659480545,0.15454545454545454
67,9.8,0,3,927.29,549.0,0,0,306.53,41.4,San Salvador,Technician,Gold,927.29,0.3302093095907529,0.14411764705882354
59,9.0,1,1,1182.35,514.0,1,0,549.62,75.5,La Libertad,Professional,Gold,591.175,0.4644610639286771,0.15
40,3.3,1,2,435.33,519.0,0,0,222.16,35.2,San Miguel,Clerk,Silver,217.665,0.509155914101712,0.08048780487804878
60,8.8,0,1,1901.94,591.0,1,0,953.74,61.4,San Salvador,Professional,Platinum,1901.94,0.5011928910002417,0.14426229508196722
54,4.0,1,2,1126.68,601.0,1,1,650.66,61.1,Santa Ana,Technician,Gold,563.34,0.5769899262202043,0.07272727272727272
51,4.7,2,1,492.99,464.0,1,0,229.53,32.8,San Miguel,Clerk,Silver,164.33,0.46464503330026924,0.09038461538461538
30,5.1,1,4,983.49,569.0,1,0,474.79,53.7,La Unión,Clerk,Silver,491.745,0.4822700078213085,0.16451612903225804
52,5.6,2,1,1251.9,525.0,1,1,763.58,68.6,San Miguel,Technician,Gold,417.3,0.6094500758240881,0.10566037735849056
63,12.5,0,1,3070.54,634.0,0,1,1523.52,70.1,San Salvador,Professional,Gold,3070.54,0.496011772596157,0.1953125
33,3.7,1,3,1341.39,562.0,1,0,756.61,70.4,San Salvador,Professional,Platinum,670.695,0.5636290496800482,0.10882352941176471
52,8.2,0,5,821.16,584.0,0,0,445.59,43.4,La Libertad,Professional,Platinum,821.16,0.5419747980928287,0.15471698113207547
52,8.3,3,1,550.35,509.0,0,0,304.63,19.0,Santa Ana,Clerk,Silver,137.5875,0.5525165502856625,0.15660377358490568
20,4.8,0,2,973.4,548.0,0,0,372.77,50.5,San Salvador,Clerk,Silver,973.4,0.3825636288998358,0.22857142857142856
29,0.0,0,1,569.65,514.0,0,0,244.17,18.6,La Unión,Clerk,Silver,569.65,0.4278804871637606,0.0
29,3.6,0,1,1786.29,540.0,1,1,863.47,62.1,Santa Ana,Professional,Gold,1786.29,0.4831168976495141,0.12000000000000001
34,0.0,3,1,2463.42,613.0,0,1,971.38,41.0,Santa Ana,Professional,Gold,615.855,0.3941617094488764,0.0
58,7.3,1,3,1005.79,554.0,1,0,718.16,50.7,La Libertad,Professional,Gold,502.895,0.7133165804189553,0.12372881355932203
55,5.7,0,3,1837.11,591.0,0,0,170.95,57.4,La Unión,Self-Employed,Silver,1837.11,0.09300313909396064,0.10178571428571428
71,10.1,2,4,1378.48,584.0,1,0,605.6,68.0,Santa Ana,Technician,Gold,459.49333333333334,0.4390060022617218,0.14027777777777778
54,8.9,2,2,1355.07,621.0,1,0,566.39,63.1,Santa Ana,Manager,Platinum,451.69,0.4176701792680319,0.16181818181818183
24,0.3,2,1,712.6,514.0,1,0,451.59,52.9,Santa Ana,Clerk,Silver,237.53333333333333,0.6328335201793721,0.012
50,8.5,1,3,1364.04,520.0,1,0,479.52,59.6,San Salvador,Clerk,Silver,682.02,0.3512864091894743,0.16666666666666666
69,11.0,0,1,816.73,529.0,0,0,401.45,21.7,San Salvador,Professional,Platinum,816.73,0.49093221478972277,0.15714285714285714
35,0.7,1,2,731.06,544.0,1,0,230.94,51.7,San Miguel,Technician,Silver,365.53,0.31546594541431033,0.019444444444444445
22,2.3,2,4,440.36,514.0,1,0,237.73,49.8,La Unión,Clerk,Silver,146.78666666666666,0.5386305963385898,0.09999999999999999
48,11.0,0,3,859.28,552.0,0,0,153.05,44.9,San Salvador,Clerk,Silver,859.28,0.177907193006928,0.22448979591836735
52,4.9,1,1,910.82,538.0,0,0,297.36,46.1,San Salvador,Self-Employed,Gold,455.41,0.3261169967756794,0.09245283018867925
35,4.4,0,2,2351.61,587.0,0,0,404.94,64.9,La Libertad,Manager,Platinum,2351.61,0.17212372641449283,0.12222222222222223
46,1.6,3,1,906.67,567.0,0,0,505.14,27.9,La Libertad,Student,Silver,226.6675,0.5565238467725054,0.03404255319148936
35,4.7,2,2,417.0,526.0,0,0,150.03,21.8,La Unión,Student,Silver,139.0,0.35892344497607653,0.13055555555555556
60,7.1,0,1,1124.63,566.0,1,0,598.84,55.6,San Salvador,Technician,Gold,1124.63,0.5320042998143262,0.11639344262295082
46,5.2,0,3,1058.46,540.0,0,0,480.08,38.8,La Unión,Self-Employed,Silver,1058.46,0.4531365035017839,0.11063829787234043
61,11.1,1,3,1468.74,569.0,0,1,886.84,74.3,San Salvador,Clerk,Gold,734.37,0.6033992406820254,0.17903225806451611
44,4.2,4,2,628.86,546.0,0,1,259.1,18.5,La Libertad,Clerk,Silver,125.772,0.4113612548820373,0.09333333333333334
18,0.8,2,2,2205.08,545.0,0,0,592.88,59.3,Sonsonate,Manager,Gold,735.0266666666666,0.26874818682912677,0.042105263157894736
43,1.1,0,2,621.68,597.0,0,0,383.14,33.7,Santa Ana,Clerk,Silver,621.68,0.615308023382797,0.025
24,0.2,0,3,916.23,630.0,0,0,402.65,50.2,Santa Ana,Professional,Platinum,916.23,0.4389847693599206,0.008
48,6.8,0,1,1683.15,504.0,1,0,459.68,57.7,La Libertad,Technician,Silver,1683.15,0.27294480895407175,0.13877551020408163
49,10.8,0,2,1891.04,602.0,0,1,839.98,75.2,La Libertad,Self-Employed,Gold,1891.04,0.44395467326272176,0.21600000000000003
20,1.8,1,3,1028.37,532.0,0,0,795.06,52.2,La Unión,Clerk,Silver,514.185,0.7723753363707899,0.08571428571428572
42,6.0,3,2,1776.95,487.0,0,0,951.19,53.2,San Salvador,Technician,Gold,444.2375,0.5349925475969516,0.13953488372093023
20,0.5,2,3,1705.53,568.0,1,0,822.36,86.6,San Salvador,Self-Employed,Gold,568.51,0.48189015135977686,0.023809523809523808
27,2.6,0,1,874.13,603.0,1,1,748.68,34.9,La Libertad,Clerk,Silver,874.13,0.855507181790134,0.09285714285714286
40,3.7,0,2,490.74,557.0,1,0,281.8,41.2,San Miguel,Clerk,Gold,490.74,0.5730670679627445,0.0902439024390244
47,7.9,1,5,1765.63,534.0,0,0,726.13,64.9,San Salvador,Professional,Platinum,882.815,0.41102551185024594,0.16458333333333333
49,5.5,0,2,2394.46,511.0,0,0,1096.34,58.1,San Salvador,Professional,Gold,2394.46,0.4576741001728269,0.11
27,2.9,0,1,611.05,537.0,0,1,357.42,38.2,San Miguel,Technician,Gold,611.05,0.5839718977207745,0.10357142857142856
56,3.8,1,2,1455.27,610.0,0,0,521.26,44.6,La Libertad,Technician,Gold,727.635,0.3579418651761006,0.06666666666666667
34,2.1,1,1,1130.79,518.0,1,0,592.01,53.5,Santa Ana,Professional,Gold,565.395,0.5230740685109428,0.060000000000000005
23,0.7,2,1,826.62,550.0,0,0,352.39,43.2,San Miguel,Technician,Silver,275.54,0.4257871970227882,0.029166666666666664
59,10.3,0,3,414.32,544.0,0,0,116.69,34.5,Santa Ana,Student,Silver,414.32,0.2809640758932871,0.1716666666666667
38,2.6,0,1,768.67,555.0,0,0,275.63,22.9,La Unión,Technician,Silver,768.67,0.3581145166110151,0.06666666666666667
74,11.7,4,1,2491.09,619.0,1,0,1299.72,80.4,La Libertad,Manager,Platinum,498.218,0.5215381466961466,0.156
61,8.3,0,1,1117.82,502.0,1,0,708.24,39.1,Santa Ana,Professional,Gold,1117.82,0.6330240789403122,0.1338709677419355
61,9.6,0,4,1206.4,541.0,1,1,871.59,90.0,Sonsonate,Professional,Gold,1206.4,0.7218734470763624,0.15483870967741936
24,1.0,0,1,2090.45,523.0,0,0,746.6,42.4,San Salvador,Self-Employed,Gold,2090.45,0.3569772167634895,0.04
20,0.0,0,2,2274.38,562.0,0,0,384.1,69.6,San Miguel,Professional,Gold,2274.38,0.16880696850635937,0.0
40,2.4,1,2,746.79,502.0,0,0,295.86,24.1,San Salvador,Clerk,Silver,373.395,0.3956458363979192,0.058536585365853655
34,4.5,0,4,877.3,558.0,1,1,660.38,63.5,Santa Ana,Technician,Gold,877.3,0.7518843219856541,0.12857142857142856
67,9.7,0,3,460.93,628.0,0,0,97.18,29.3,Santa Ana,Clerk,Silver,460.93,0.2103781958305371,0.1426470588235294
47,6.3,1,1,260.42,578.0,0,0,112.4,8.2,La Unión,Student,Silver,130.21,0.4299594522224772,0.13125
28,3.1,0,2,4044.82,551.0,1,1,1802.53,100.0,Santa Ana,Manager,Platinum,4044.82,0.44552896569793016,0.10689655172413794
68,7.8,0,1,477.15,574.0,1,0,349.64,37.7,San Salvador,Student,Silver,477.15,0.7312349681062428,0.11304347826086956
29,3.3,2,1,1098.39,517.0,1,0,664.04,66.9,San Salvador,Clerk,Silver,366.13000000000005,0.6040076769845095,0.11
34,1.5,1,1,1248.36,537.0,0,0,680.59,36.0,San Miguel,Technician,Silver,624.18,0.5447509124671832,0.04285714285714286
26,1.0,1,3,1207.97,524.0,0,0,326.72,49.1,Santa Ana,Professional,Gold,603.985,0.2702465735295334,0.037037037037037035
38,0.0,1,1,898.32,492.0,1,0,557.83,62.3,Sonsonate,Clerk,Silver,449.16,0.6202797669350176,0.0
67,9.3,1,2,1745.46,508.0,0,0,1001.32,68.0,San Salvador,Self-Employed,Gold,872.73,0.5733426474124801,0.13676470588235295
34,2.7,0,3,2193.11,521.0,1,0,1228.76,81.5,San Salvador,Manager,Platinum,2193.11,0.56002661671475,0.07714285714285715
61,11.6,3,4,414.61,602.0,0,0,139.22,30.8,Santa Ana,Clerk,Silver,103.6525,0.3349775029474748,0.1870967741935484
30,0.3,0,1,467.66,586.0,1,0,354.24,38.0,Santa Ana,Clerk,Silver,467.66,0.755857124567917,0.00967741935483871
19,3.4,0,4,335.01,510.0,1,0,265.89,35.9,La Libertad,Student,Silver,335.01,0.7913157346507544,0.16999999999999998
52,5.5,0,3,861.59,566.0,0,0,297.48,33.9,San Salvador,Technician,Silver,861.59,0.3448683615622718,0.10377358490566038
49,6.0,0,2,1583.16,567.0,1,1,805.09,73.4,La Unión,Professional,Silver,1583.16,0.5082125542874457,0.12
69,10.7,1,1,1297.57,589.0,1,0,812.81,58.4,La Libertad,Clerk,Silver,648.785,0.6259269812178011,0.15285714285714286
71,10.0,0,1,1110.51,568.0,0,0,275.01,38.1,San Salvador,Technician,Gold,1110.51,0.2474201761567597,0.1388888888888889
59,4.3,4,4,1909.02,569.0,1,0,1063.39,72.3,San Salvador,Manager,Platinum,381.804,0.556742861331295,0.07166666666666667
70,9.2,1,4,449.07,632.0,1,0,228.54,62.8,San Miguel,Student,Silver,224.535,0.5077876774723932,0.1295774647887324
58,8.7,0,1,1393.61,545.0,0,0,392.69,49.5,La Libertad,Technician,Gold,1393.61,0.28157692831687714,0.14745762711864405
68,10.9,2,3,816.4,559.0,1,0,322.62,48.8,San Salvador,Technician,Gold,272.1333333333333,0.39469048201614876,0.15797101449275364
53,6.5,3,2,1341.5,581.0,0,0,658.18,32.0,San Salvador,Professional,Gold,335.375,0.49026443202979514,0.12037037037037036
56,9.4,2,1,1251.92,535.0,0,1,452.66,33.7,San Salvador,Professional,Gold,417.3066666666667,0.36128404048143536,0.1649122807017544
59,7.8,2,1,365.49,595.0,0,1,149.97,16.4,San Salvador,Clerk,Gold,121.83,0.4092062539223444,0.13
39,5.6,1,1,753.68,555.0,1,0,359.08,40.0,San Salvador,Clerk,Gold,376.84,0.4758043144114062,0.13999999999999999
51,6.4,0,3,1821.68,608.0,0,1,615.47,70.3,San Miguel,Self-Employed,Platinum,1821.68,0.3376730967586192,0.12307692307692308
32,1.7,0,2,896.74,486.0,1,1,455.6,42.0,San Salvador,Clerk,Silver,896.74,0.5074966025798116,0.051515151515151514
59,7.7,0,1,765.72,592.0,1,0,561.46,39.0,La Libertad,Self-Employed,Platinum,765.72,0.7322881886477463,0.12833333333333333
48,10.6,1,1,303.9,502.0,0,0,112.81,20.1,Sonsonate,Student,Silver,151.95,0.36999016070842905,0.21632653061224488
53,5.7,0,4,781.55,572.0,0,1,195.96,53.2,San Salvador,Student,Silver,781.55,0.2504121142419015,0.10555555555555556
25,2.4,1,1,1453.96,577.0,1,0,1085.13,53.3,San Salvador,Clerk,Gold,726.98,0.745814317919393,0.0923076923076923
57,9.1,0,3,678.32,589.0,0,0,307.02,20.3,San Salvador,Technician,Gold,678.32,0.45195195195195187,0.1568965517241379
18,0.0,1,2,561.73,472.0,1,1,346.46,46.3,San Miguel,Student,Silver,280.865,0.6156771453450144,0.0
41,3.3,0,2,560.22,526.0,0,0,220.22,32.8,La Unión,Technician,Silver,560.22,0.3923951391611133,0.07857142857142857
38,3.3,0,3,563.62,606.0,1,0,239.29,41.2,San Salvador,Student,Silver,563.62,0.4238071623392724,0.0846153846153846
39,5.5,0,1,910.07,583.0,0,0,676.43,50.4,La Unión,Clerk,Silver,910.07,0.742456671825436,0.1375
27,2.0,0,2,1138.77,559.0,1,0,725.94,63.4,Santa Ana,Professional,Gold,1138.77,0.6369179746791019,0.07142857142857142
59,7.2,0,2,342.87,512.0,0,0,83.99,28.8,San Salvador,Student,Silver,342.87,0.24424928025125772,0.12000000000000001
69,11.8,0,1,386.26,484.0,0,0,263.45,29.0,La Libertad,Student,Silver,386.26,0.680292310075918,0.1685714285714286
23,2.5,0,3,2876.75,580.0,0,0,895.23,100.0,San Salvador,Manager,Platinum,2876.75,0.31108678655199373,0.10416666666666667
50,6.0,0,1,299.02,570.0,1,0,217.07,38.7,San Salvador,Student,Silver,299.02,0.7235184321045264,0.11764705882352941
66,9.7,1,1,393.51,525.0,1,0,202.83,44.3,Sonsonate,Clerk,Silver,196.755,0.5141314542090188,0.14477611940298507
33,1.6,0,2,182.72,573.0,0,0,72.72,11.6,San Salvador,Student,Silver,182.72,0.3958197256694971,0.047058823529411764
43,7.8,3,1,2433.83,609.0,1,0,1475.93,83.4,San Salvador,Manager,Platinum,608.4575,0.6061737369754767,0.17727272727272728
72,11.8,1,3,2794.64,560.0,1,0,1504.85,100.0,San Salvador,Professional,Platinum,1397.32,0.538284614614185,0.16164383561643836
27,1.3,3,1,1389.51,503.0,0,1,749.23,46.2,San Salvador,Self-Employed,Gold,347.3775,0.5388166931557486,0.04642857142857143
63,7.6,0,2,1986.75,560.0,0,0,821.68,58.0,San Salvador,Manager,Platinum,1986.75,0.4133719029052949,0.11875
51,7.8,0,1,1437.64,506.0,0,0,578.64,42.1,Santa Ana,Manager,Platinum,1437.64,0.40221320135683697,0.15
36,4.1,1,1,756.71,500.0,1,0,397.66,49.4,La Libertad,Clerk,Silver,378.355,0.5248182022145675,0.1108108108108108
45,6.5,2,3,1653.06,589.0,1,0,1124.13,67.0,San Salvador,Manager,Platinum,551.02,0.6796186353578468,0.14130434782608695
66,11.3,4,1,626.73,511.0,1,0,482.02,26.7,Sonsonate,Self-Employed,Silver,125.346,0.7678779092922116,0.16865671641791047
70,9.9,1,3,1249.52,641.0,1,1,619.96,77.9,San Salvador,Technician,Platinum,624.76,0.49576176310654774,0.13943661971830987
32,0.1,0,2,407.39,522.0,1,0,300.61,54.4,San Miguel,Technician,Silver,407.39,0.7360856044467299,0.0030303030303030303
52,7.8,0,2,1253.05,587.0,1,0,910.39,50.1,San Miguel,Technician,Gold,1253.05,0.7259598899565408,0.1471698113207547
21,0.0,2,2,850.36,522.0,1,1,566.07,54.6,San Miguel,Professional,Gold,283.4533333333333,0.6649008644991543,0.0
24,0.5,0,2,3330.42,601.0,1,1,1844.5,100.0,San Miguel,Manager,Gold,3330.42,0.5536678053202538,0.02
31,1.5,0,1,733.82,518.0,1,0,384.85,55.6,Sonsonate,Clerk,Silver,733.82,0.5237337034920116,0.046875
61,9.7,0,2,1263.8,554.0,0,0,614.76,66.3,San Salvador,Technician,Silver,1263.8,0.4860531309297913,0.1564516129032258
32,2.7,3,3,650.28,485.0,0,0,262.87,35.1,San Salvador,Clerk,Silver,162.57,0.4036205625844491,0.08181818181818182
38,2.8,0,2,2216.4,569.0,1,0,1553.43,82.8,San Salvador,Manager,Platinum,2216.4,0.7005637232795165,0.07179487179487179
63,9.0,1,2,1004.6,590.0,1,1,544.52,40.0,San Miguel,Clerk,Silver,502.3,0.5414876690533015,0.140625
34,3.8,0,1,1046.5,508.0,0,0,213.96,38.2,La Libertad,Self-Employed,Silver,1046.5,0.20425775656324582,0.10857142857142857
66,11.0,3,3,1566.43,621.0,1,1,719.02,77.3,La Libertad,Professional,Gold,391.6075,0.4587254295247634,0.16417910447761194
55,7.5,1,2,558.65,564.0,0,1,163.38,30.9,Sonsonate,Clerk,Silver,279.325,0.2919324577861163,0.13392857142857142
67,6.2,0,2,1687.16,572.0,0,0,317.75,56.7,San Salvador,Technician,Silver,1687.16,0.1882226803146621,0.0911764705882353
72,11.9,0,2,593.16,540.0,1,0,273.01,45.9,Santa Ana,Clerk,Silver,593.16,0.4594890265248418,0.16301369863013698
46,8.6,2,2,1547.32,556.0,1,0,781.58,83.9,La Unión,Technician,Silver,515.7733333333333,0.5047922909992767,0.1829787234042553
70,12.5,3,3,830.2,534.0,0,0,275.05,36.3,Santa Ana,Clerk,Silver,207.55,0.33090712223291624,0.176056338028169
57,10.1,1,1,904.68,525.0,0,0,393.87,31.2,Sonsonate,Professional,Gold,452.34,0.4348887024114478,0.17413793103448275
42,1.3,0,5,1185.65,582.0,1,0,614.7,67.1,Santa Ana,Professional,Platinum,1185.65,0.5180128934395146,0.030232558139534883
58,8.6,1,2,1135.71,537.0,0,0,396.84,57.7,Santa Ana,Clerk,Silver,567.855,0.3491127904214795,0.14576271186440679
33,2.8,0,2,1613.47,572.0,0,0,614.87,61.2,San Salvador,Technician,Silver,1613.47,0.3808494428512143,0.08235294117647059
58,5.5,0,4,707.62,516.0,1,0,540.22,55.4,San Miguel,Technician,Gold,707.62,0.7623549998588807,0.09322033898305085
62,10.3,2,3,753.66,597.0,0,0,0.0,42.5,San Salvador,Clerk,Silver,251.22,0.0,0.1634920634920635
39,6.5,1,3,1512.15,587.0,1,0,811.2,55.3,Santa Ana,Self-Employed,Gold,756.075,0.5361001883488088,0.1625
28,0.0,3,2,975.88,532.0,0,0,595.59,28.5,San Salvador,Clerk,Silver,243.97,0.6096859389075424,0.0
60,8.1,2,1,778.38,596.0,1,0,535.64,33.1,San Miguel,Clerk,Silver,259.46,0.6872642356745104,0.13278688524590163
38,3.1,1,1,458.3,537.0,0,0,248.7,24.0,Sonsonate,Clerk,Silver,229.15,0.5414761593729588,0.0794871794871795
73,13.2,3,1,1645.98,603.0,0,0,604.28,59.2,La Libertad,Professional,Gold,411.495,0.3669018445882767,0.17837837837837836
47,1.7,2,2,695.56,617.0,0,0,315.19,35.7,San Salvador,Student,Silver,231.85333333333332,0.45249511886987487,0.035416666666666666
74,10.0,1,4,1183.27,629.0,1,0,942.72,59.1,La Libertad,Self-Employed,Gold,591.635,0.7960346880356676,0.13333333333333333
50,5.7,0,2,780.18,513.0,1,1,535.9,44.5,Sonsonate,Professional,Gold,780.18,0.6860134668066259,0.11176470588235295
26,0.0,0,2,1150.43,565.0,0,0,495.88,25.2,La Unión,Technician,Silver,1150.43,0.43066447808377406,0.0
36,4.6,0,3,591.28,469.0,0,0,224.7,37.9,San Miguel,Student,Silver,591.28,0.37938137367461333,0.12432432432432432
36,4.5,0,2,2134.88,598.0,1,0,1265.04,65.9,San Salvador,Manager,Platinum,2134.88,0.5922804651946738,0.12162162162162163
70,10.9,1,1,1452.41,595.0,1,0,598.08,42.6,La Unión,Self-Employed,Gold,726.205,0.41150122814622164,0.1535211267605634
73,14.1,3,2,2186.89,543.0,0,0,1065.07,60.4,La Libertad,Manager,Platinum,546.7225,0.48680235295193086,0.19054054054054054
50,9.5,0,1,266.05,535.0,0,0,114.91,29.0,Santa Ana,Student,Silver,266.05,0.43029395244336266,0.18627450980392157
42,7.4,0,4,2843.03,563.0,0,0,1164.93,75.9,San Salvador,Self-Employed,Platinum,2843.03,0.40960538390945245,0.17209302325581396
41,7.1,0,2,2782.27,546.0,0,0,762.7,79.9,San Miguel,Manager,Platinum,2782.27,0.2740301875132488,0.16904761904761903
46,4.3,0,5,1153.98,547.0,1,0,661.93,73.4,San Salvador,Technician,Gold,1153.98,0.5731094910734384,0.09148936170212765
65,7.7,0,2,2373.06,614.0,1,0,1509.39,79.0,La Unión,Professional,Gold,2373.06,0.6357842682998746,0.11666666666666667
67,11.7,2,1,1226.48,568.0,0,1,277.31,32.7,San Salvador,Technician,Gold,408.82666666666665,0.2259181412324437,0.17205882352941176
67,9.0,2,4,892.94,529.0,1,0,315.53,67.8,Santa Ana,Clerk,Silver,297.6466666666667,0.3529655234132044,0.1323529411764706
20,1.3,3,2,1407.81,550.0,0,0,367.38,57.2,Santa Ana,Self-Employed,Gold,351.9525,0.2607732767371044,0.06190476190476191
32,3.3,0,2,2480.5,602.0,0,1,1310.94,76.3,San Salvador,Professional,Platinum,2480.5,0.528285311303647,0.09999999999999999
69,12.6,0,1,1449.02,584.0,1,1,778.92,66.3,La Libertad,Self-Employed,Platinum,1449.02,0.5371787975338271,0.18
70,11.4,0,5,1041.63,559.0,0,0,495.68,61.2,San Salvador,Clerk,Gold,1041.63,0.47541313793004225,0.16056338028169015
23,0.0,1,1,1798.66,479.0,0,0,229.6,61.1,Santa Ana,Professional,Gold,899.33,0.12757965393463208,0.0
71,11.8,0,1,939.36,569.0,0,0,287.66,41.6,La Libertad,Technician,Gold,939.36,0.30590412182568383,0.1638888888888889
30,0.0,1,1,578.51,512.0,0,0,145.19,31.0,La Libertad,Clerk,Silver,289.255,0.25053924867560523,0.0
54,3.3,1,5,831.65,580.0,0,1,332.09,29.2,San Salvador,Clerk,Silver,415.825,0.3988350447366841,0.06
25,1.9,0,5,2123.21,600.0,1,0,1017.38,100.0,San Salvador,Manager,Platinum,2123.21,0.47894511371286264,0.07307692307692307
44,5.0,1,2,1422.12,564.0,0,1,430.44,42.6,Santa Ana,Manager,Gold,711.06,0.30246219573893984,0.1111111111111111
30,3.4,0,2,600.27,563.0,0,0,303.77,38.8,San Miguel,Clerk,Silver,600.27,0.5052139637766727,0.10967741935483871
52,5.5,0,2,935.0,569.0,1,1,576.3,59.7,Santa Ana,Professional,Gold,935.0,0.6157051282051281,0.10377358490566038
29,2.5,1,2,556.59,526.0,1,0,362.89,56.3,Santa Ana,Clerk,Silver,278.295,0.6508187019135924,0.08333333333333333
22,0.0,0,1,2134.58,516.0,0,0,816.17,56.7,San Salvador,Technician,Gold,2134.58,0.38217720712874254,0.0
39,6.7,4,3,990.17,535.0,1,0,529.41,59.4,San Salvador,Technician,Silver,198.034,0.5341263355428433,0.1675
70,8.4,1,2,428.64,536.0,1,0,169.32,48.4,Sonsonate,Clerk,Silver,214.32,0.39409738385625176,0.11830985915492959
58,9.4,0,3,543.39,513.0,0,0,207.73,27.5,Sonsonate,Clerk,Silver,543.39,0.38158305626481015,0.1593220338983051
40,6.8,2,1,1522.16,567.0,0,0,610.91,23.3,Santa Ana,Professional,Gold,507.3866666666667,0.40108064812626376,0.16585365853658537
66,8.0,0,2,2248.18,544.0,0,1,816.48,77.3,San Salvador,Technician,Gold,2248.18,0.3630122978152038,0.11940298507462686
22,4.5,0,1,787.64,529.0,1,1,330.88,56.3,Santa Ana,Self-Employed,Gold,787.64,0.4195577196185839,0.1956521739130435
67,9.0,0,3,1327.37,552.0,0,1,774.58,52.0,San Salvador,Professional,Platinum,1327.37,0.5831056106355911,0.1323529411764706
59,7.4,0,1,2474.68,559.0,1,1,1323.57,83.1,Sonsonate,Manager,Platinum,2474.68,0.5346288696438958,0.12333333333333334
45,5.2,0,2,851.47,545.0,0,1,331.39,36.7,Sonsonate,Technician,Gold,851.47,0.38874095276080095,0.11304347826086956
18,0.6,2,2,805.17,539.0,1,0,427.82,39.2,San Salvador,Clerk,Silver,268.39,0.5306821141942767,0.031578947368421054
46,8.5,0,1,861.44,530.0,0,0,468.57,35.4,San Salvador,Clerk,Silver,861.44,0.5433073605120355,0.18085106382978725
22,0.5,0,1,1144.68,575.0,0,1,591.92,34.6,San Salvador,Clerk,Silver,1144.68,0.5166538649535646,0.021739130434782608
51,7.7,0,4,2493.2,550.0,1,1,1527.58,91.2,Santa Ana,Manager,Platinum,2493.2,0.6124528907064389,0.14807692307692308
23,0.0,1,1,1204.18,578.0,0,0,383.37,40.3,Santa Ana,Technician,Gold,602.09,0.3181018603030253,0.0
57,8.0,1,1,1403.66,600.0,0,0,674.21,45.6,La Libertad,Manager,Platinum,701.83,0.479980920649837,0.13793103448275862
73,13.0,0,2,1127.15,508.0,1,0,748.75,59.6,La Unión,Manager,Platinum,1127.15,0.6636972033860745,0.17567567567567569
28,0.7,1,3,2047.04,525.0,0,0,440.13,65.6,San Salvador,Manager,Platinum,1023.52,0.2149030292377102,0.02413793103448276
68,10.7,0,2,457.95,594.0,0,0,247.12,26.2,La Libertad,Technician,Gold,457.95,0.5384464538620765,0.15507246376811593
48,7.2,4,2,412.57,509.0,1,0,221.98,47.2,San Salvador,Student,Silver,82.514,0.5367410595546098,0.1469387755102041
58,8.0,1,4,624.69,572.0,0,1,229.86,49.6,San Miguel,Clerk,Silver,312.345,0.36737042305294954,0.13559322033898305
58,9.6,0,3,2887.98,585.0,1,1,1698.32,100.0,San Miguel,Manager,Platinum,2887.98,0.5878614597539615,0.16271186440677965
66,10.4,0,1,979.46,510.0,0,1,225.24,48.0,San Miguel,Technician,Gold,979.46,0.22972890275992902,0.15522388059701492
27,1.3,0,1,855.16,590.0,1,0,582.53,36.9,La Libertad,Professional,Platinum,855.16,0.6803985236404411,0.04642857142857143
58,8.2,3,3,927.02,514.0,0,0,357.74,42.9,San Salvador,Clerk,Silver,231.755,0.38548738173746255,0.13898305084745763
39,0.6,0,2,1755.93,632.0,0,1,675.92,46.2,San Salvador,Technician,Platinum,1755.93,0.3847165225706203,0.015
32,0.8,0,2,1821.9,554.0,0,0,609.99,57.4,La Libertad,Technician,Silver,1821.9,0.3346261451533271,0.024242424242424242
47,4.7,2,5,3057.32,523.0,1,0,2307.71,100.0,Sonsonate,Professional,Platinum,1019.1066666666667,0.7545678673258521,0.09791666666666667
61,7.5,0,1,1096.73,476.0,1,0,442.3,47.6,San Salvador,Clerk,Silver,1096.73,0.4029223943957075,0.12096774193548387
40,6.2,0,4,260.78,520.0,1,0,152.23,44.2,San Salvador,Student,Silver,260.78,0.581518832607533,0.15121951219512195
53,2.8,0,1,1057.63,544.0,1,1,506.01,65.8,Santa Ana,Clerk,Silver,1057.63,0.47798569849711414,0.05185185185185185
73,10.6,0,2,2604.94,588.0,0,0,960.24,83.9,San Salvador,Manager,Platinum,2604.94,0.36848123901548,0.14324324324324325
22,0.0,1,2,687.09,533.0,0,1,410.03,53.0,San Salvador,Clerk,Silver,343.545,0.5958958857126248,0.0
55,6.9,3,1,1800.01,618.0,0,1,643.41,53.1,San Salvador,Technician,Gold,450.0025,0.35724954331180836,0.12321428571428572
49,6.7,1,3,3995.52,586.0,1,1,1865.76,100.0,San Salvador,Professional,Platinum,1997.76,0.4668461561558556,0.134
22,0.0,2,3,987.17,530.0,1,0,680.93,53.5,San Salvador,Technician,Silver,329.0566666666667,0.6890818381452584,0.0
43,0.0,0,2,559.29,499.0,0,0,224.28,23.4,La Unión,Clerk,Silver,559.29,0.4002927055631905,0.0
47,8.5,0,5,386.97,628.0,1,1,177.53,66.0,La Libertad,Student,Silver,386.97,0.45758692682423896,0.17708333333333334
18,0.3,4,1,1487.14,519.0,1,1,813.94,56.9,Santa Ana,Professional,Gold,297.428,0.5469512277070706,0.015789473684210527
57,11.4,3,1,528.81,576.0,0,0,138.81,20.7,Santa Ana,Clerk,Silver,132.2025,0.26199958475679963,0.19655172413793104
49,6.9,1,1,1476.59,612.0,1,1,1009.83,49.7,San Miguel,Professional,Gold,738.295,0.6834304509369988,0.138
51,8.9,1,2,1865.01,555.0,0,0,1056.25,54.0,San Salvador,Manager,Platinum,932.505,0.5660473416541176,0.17115384615384616
60,8.4,1,3,1266.35,594.0,1,1,944.02,59.8,La Libertad,Clerk,Silver,633.175,0.7448771057718863,0.1377049180327869
56,6.3,1,2,3587.78,618.0,1,1,2346.62,100.0,San Salvador,Manager,Platinum,1793.89,0.6538768049309235,0.11052631578947368
25,3.1,2,1,1353.32,563.0,1,1,922.02,53.0,Santa Ana,Technician,Gold,451.1066666666666,0.6807992202729045,0.11923076923076924
45,4.5,0,2,1076.0,545.0,1,0,662.74,64.6,San Salvador,Professional,Platinum,1076.0,0.6153574744661096,0.09782608695652174
32,5.0,1,2,1217.77,495.0,0,1,313.59,54.0,Santa Ana,Manager,Gold,608.885,0.25730039301919144,0.15151515151515152
19,1.6,0,3,667.39,578.0,1,0,369.63,75.7,La Libertad,Clerk,Silver,667.39,0.5530154550486991,0.08
65,7.7,1,2,713.01,559.0,0,0,332.41,42.3,San Salvador,Technician,Gold,356.505,0.46555370372963967,0.11666666666666667
34,2.8,2,2,1000.4,551.0,1,1,560.27,44.7,San Salvador,Clerk,Silver,333.46666666666664,0.5594867185939685,0.08
67,10.0,1,3,1682.59,619.0,0,0,640.77,46.7,La Libertad,Professional,Platinum,841.295,0.38059741385966894,0.14705882352941177
70,12.1,2,3,1489.56,561.0,0,0,714.22,44.9,Sonsonate,Professional,Gold,496.52,0.4791621940747102,0.1704225352112676
29,4.4,3,2,859.86,504.0,0,0,476.93,27.9,Santa Ana,Professional,Silver,214.965,0.5540157516901703,0.14666666666666667
18,0.2,4,2,358.84,483.0,1,0,209.47,64.5,La Unión,Technician,Silver,71.768,0.582119831036016,0.010526315789473684
43,2.6,2,2,1913.5,538.0,0,0,452.31,63.0,San Salvador,Professional,Gold,637.8333333333334,0.23625489683990597,0.05909090909090909
38,4.5,0,3,853.98,563.0,0,0,275.88,43.5,La Libertad,Technician,Gold,853.98,0.32267421460151113,0.11538461538461539
34,7.0,0,2,900.82,516.0,1,0,403.57,57.2,San Miguel,Clerk,Silver,900.82,0.4475061542214632,0.2
60,7.1,0,3,1135.0,560.0,1,1,618.24,49.7,Sonsonate,Manager,Platinum,1135.0,0.5442253521126761,0.11639344262295082
52,7.8,0,1,1527.5,535.0,1,1,1025.56,70.0,La Libertad,Professional,Gold,1527.5,0.6709584560026169,0.1471698113207547
58,8.2,1,2,842.39,598.0,0,0,275.89,57.6,San Salvador,Clerk,Gold,421.195,0.32712031207389225,0.13898305084745763
30,2.0,0,2,2361.5,623.0,0,1,663.94,63.0,San Salvador,Manager,Platinum,2361.5,0.28103280423280425,0.06451612903225806
22,0.9,4,4,784.12,512.0,0,1,338.3,46.7,San Salvador,Technician,Silver,156.824,0.4308895455471775,0.0391304347826087
63,11.6,4,1,640.96,554.0,1,0,287.1,53.2,San Salvador,Clerk,Silver,128.192,0.44722412611377654,0.18125
27,2.1,1,2,976.89,516.0,0,0,483.24,48.6,San Miguel,Technician,Silver,488.445,0.4941660104919776,0.075
33,0.0,1,2,470.17,543.0,1,0,274.18,41.1,San Salvador,Clerk,Gold,235.085,0.581913109917864,0.0
18,0.4,0,1,972.63,563.0,0,0,461.25,36.6,La Libertad,Technician,Silver,972.63,0.4737425921551308,0.021052631578947368
70,11.6,1,1,1195.55,604.0,0,0,694.56,35.6,La Unión,Technician,Silver,597.775,0.5804688479378212,0.16338028169014085
72,9.2,0,3,2565.09,609.0,1,0,1394.63,87.1,Sonsonate,Manager,Platinum,2565.09,0.5434844452065204,0.12602739726027395
42,5.1,1,1,784.3,590.0,1,0,611.48,34.0,Sonsonate,Professional,Gold,392.15,0.7786578377690055,0.11860465116279069
46,5.5,2,3,696.12,540.0,0,0,361.67,55.3,Santa Ana,Self-Employed,Gold,232.04,0.5188059444571953,0.11702127659574468
64,7.0,0,3,2102.54,576.0,0,1,1122.4,86.6,Santa Ana,Professional,Gold,2102.54,0.5335767325555968,0.1076923076923077
61,11.1,0,2,2603.87,616.0,1,1,1318.49,59.9,San Salvador,Professional,Platinum,2603.87,0.5061634553739727,0.17903225806451611
68,12.8,1,1,1407.93,548.0,0,1,799.83,30.0,La Libertad,Professional,Platinum,703.965,0.5676861164145841,0.1855072463768116
51,1.9,0,1,445.62,498.0,1,0,277.68,40.3,Santa Ana,Clerk,Silver,445.62,0.6217365993462004,0.036538461538461534
36,1.8,2,2,197.36,506.0,1,0,81.4,27.5,La Unión,Student,Silver,65.78666666666668,0.4103649929421254,0.04864864864864865
39,4.2,3,1,1506.41,506.0,0,1,806.31,50.4,San Miguel,Technician,Silver,376.6025,0.5348976058272135,0.10500000000000001
71,8.0,0,2,551.35,621.0,1,0,501.47,35.6,San Miguel,Technician,Gold,551.35,0.9078844935276545,0.1111111111111111
50,6.9,1,4,883.38,439.0,0,0,326.76,47.9,San Salvador,Clerk,Silver,441.69,0.36947918315656164,0.13529411764705884
47,4.3,0,4,978.08,578.0,0,1,449.68,54.4,Santa Ana,Manager,Platinum,978.08,0.45928831147607957,0.08958333333333333
70,10.5,1,1,861.68,574.0,1,0,336.17,71.5,La Libertad,Technician,Gold,430.84,0.3896809941113739,0.14788732394366197
30,2.5,0,2,1407.26,624.0,0,0,765.18,52.7,La Libertad,Professional,Gold,1407.26,0.5433513697754676,0.08064516129032258
56,3.7,2,1,4733.37,588.0,0,0,703.16,100.0,San Salvador,Professional,Gold,1577.79,0.1485224010797635,0.0649122807017544
24,1.3,0,4,848.47,533.0,1,0,480.42,56.2,San Salvador,Technician,Gold,848.47,0.5655526387041332,0.052000000000000005
62,8.4,1,1,1933.71,530.0,1,0,1264.85,74.0,San Salvador,Manager,Gold,966.855,0.6537672312646339,0.13333333333333333
23,0.1,1,3,473.56,479.0,1,0,384.84,46.0,San Salvador,Technician,Gold,236.78,0.8109406608226567,0.004166666666666667
74,13.4,2,3,877.68,539.0,1,0,501.24,56.3,San Salvador,Self-Employed,Platinum,292.56,0.5704465789593481,0.17866666666666667
24,4.4,1,2,1486.69,504.0,0,0,357.96,55.0,La Unión,Self-Employed,Silver,743.345,0.24061464417990305,0.17600000000000002
57,11.2,0,1,425.94,557.0,1,1,215.77,38.7,San Salvador,Student,Silver,425.94,0.5053871738417577,0.19310344827586207
40,2.2,0,4,1728.48,514.0,0,0,446.04,65.5,San Salvador,Professional,Platinum,1728.48,0.25790410990586765,0.05365853658536586
65,8.6,2,1,570.57,605.0,0,1,220.03,17.3,Sonsonate,Technician,Silver,190.19000000000003,0.38495722308728586,0.1303030303030303
63,11.0,0,2,842.72,495.0,1,1,477.11,52.4,Santa Ana,Clerk,Silver,842.72,0.5654838097947186,0.171875
63,7.8,1,1,1530.41,505.0,0,1,471.58,31.4,Santa Ana,Manager,Gold,765.205,0.3079384358205836,0.121875
60,7.0,1,4,980.9,589.0,0,0,575.64,71.4,Santa Ana,Self-Employed,Gold,490.45,0.5862511457378552,0.11475409836065574
30,2.6,2,1,631.66,510.0,1,0,355.19,35.6,Santa Ana,Technician,Silver,210.5533333333333,0.5614231972939652,0.08387096774193549
73,9.5,0,4,1813.68,529.0,1,0,1019.48,88.2,San Miguel,Manager,Platinum,1813.68,0.5617960191328498,0.12837837837837837
61,9.2,0,1,2138.2,551.0,0,0,807.92,57.9,San Salvador,Manager,Platinum,2138.2,0.37767389678384444,0.14838709677419354
37,7.3,1,3,1054.51,589.0,1,1,682.44,47.0,La Libertad,Self-Employed,Gold,527.255,0.6465500090003885,0.19210526315789472
44,5.2,1,4,1778.07,556.0,1,1,1400.62,76.8,San Salvador,Clerk,Gold,889.035,0.787276498395229,0.11555555555555556
74,9.6,1,3,2366.11,634.0,0,0,962.92,72.0,San Salvador,Professional,Platinum,1183.055,0.4067914038637832,0.128
59,3.6,0,3,1264.32,580.0,1,0,682.09,60.3,San Salvador,Professional,Platinum,1264.32,0.5390652167040749,0.060000000000000005
53,10.3,0,1,1131.2,546.0,1,0,595.59,44.8,Santa Ana,Technician,Gold,1131.2,0.5260466348701643,0.19074074074074077
68,10.1,1,3,1020.74,560.0,0,0,556.09,42.8,San Salvador,Technician,Platinum,510.37,0.5442578346741833,0.1463768115942029
64,7.2,1,3,961.59,569.0,0,1,733.59,33.3,La Libertad,Technician,Silver,480.795,0.7621001672570876,0.11076923076923077
65,10.3,2,3,618.77,511.0,1,0,453.45,56.1,La Libertad,Professional,Gold,206.25666666666666,0.7316423834648337,0.15606060606060607
26,2.1,1,1,1955.89,499.0,0,0,439.46,60.5,San Salvador,Professional,Gold,977.945,0.22457061970780165,0.07777777777777778
37,2.8,1,1,1067.66,488.0,1,0,488.29,60.4,Santa Ana,Technician,Silver,533.83,0.45691800946980327,0.07368421052631578
57,6.4,2,2,1441.84,584.0,0,0,763.19,49.5,San Salvador,Professional,Gold,480.6133333333333,0.528949848909096,0.11034482758620691
49,3.5,0,1,515.87,551.0,0,1,277.46,19.0,La Libertad,Student,Silver,515.87,0.5368080948787896,0.07
55,7.2,1,2,2707.98,582.0,1,0,1392.98,87.0,San Salvador,Professional,Platinum,1353.99,0.5142082998028779,0.1285714285714286
53,7.7,0,1,336.25,536.0,0,0,198.73,26.1,San Miguel,Student,Silver,336.25,0.5892661230541141,0.1425925925925926
71,10.9,0,2,551.5,517.0,0,1,225.42,50.0,Santa Ana,Technician,Silver,551.5,0.408,0.1513888888888889
30,5.0,4,1,438.26,480.0,1,0,195.97,36.1,San Miguel,Student,Silver,87.652,0.44613668442380366,0.16129032258064516
74,12.1,0,3,783.42,617.0,0,0,452.19,32.3,San Miguel,Professional,Gold,783.42,0.5764641391091507,0.16133333333333333
43,3.0,0,1,1616.99,559.0,1,0,948.65,48.6,San Salvador,Professional,Platinum,1616.99,0.5863138832749275,0.06818181818181818
36,0.1,2,3,726.87,542.0,0,0,287.33,38.8,Santa Ana,Professional,Silver,242.29,0.3947545578193908,0.002702702702702703
48,2.4,0,2,2100.97,575.0,1,0,1387.24,76.0,San Salvador,Professional,Platinum,2100.97,0.6599713602001932,0.04897959183673469
62,9.7,1,1,1143.29,521.0,0,0,526.77,21.9,San Salvador,Clerk,Silver,571.645,0.460346590462208,0.15396825396825395
22,2.0,0,1,951.4,475.0,0,1,396.25,33.8,San Salvador,Clerk,Silver,951.4,0.41605417891642166,0.08695652173913043
55,4.8,0,4,801.12,555.0,1,0,571.45,66.1,San Salvador,Self-Employed,Gold,801.12,0.7124245748765772,0.08571428571428572
26,4.9,0,3,699.27,556.0,0,0,173.67,52.2,San Salvador,Clerk,Silver,699.27,0.24800434118268666,0.1814814814814815
26,0.2,0,4,904.82,500.0,1,0,660.2,55.8,La Unión,Clerk,Silver,904.82,0.7288423748647634,0.007407407407407408
62,13.1,2,1,314.5,530.0,1,1,185.57,40.4,San Miguel,Student,Silver,104.83333333333333,0.5881774960380348,0.20793650793650792
49,4.3,2,4,530.01,655.0,0,0,122.17,41.6,San Salvador,Student,Silver,176.67,0.23007099677972168,0.086
63,8.1,2,2,2103.63,542.0,1,0,1388.12,88.4,San Salvador,Manager,Platinum,701.21,0.6595553612749033,0.1265625
56,6.1,4,1,585.22,600.0,1,0,309.84,49.1,Sonsonate,Clerk,Silver,117.04400000000001,0.5285387738391729,0.10701754385964912
36,2.5,2,2,1225.0,583.0,1,0,538.68,52.3,San Miguel,Professional,Gold,408.3333333333333,0.43938009787928217,0.06756756756756757
22,0.8,1,1,1044.26,524.0,0,0,292.05,45.5,San Salvador,Technician,Silver,522.13,0.2794041673841915,0.034782608695652174
24,0.0,0,2,353.18,513.0,1,0,212.1,51.3,San Miguel,Student,Silver,353.18,0.5988480433677791,0.0
49,8.4,2,1,1492.8,601.0,1,0,1225.96,60.1,San Miguel,Self-Employed,Gold,497.59999999999997,0.8206988887401259,0.168
73,10.4,2,2,999.83,493.0,1,0,669.21,57.7,San Salvador,Clerk,Gold,333.2766666666667,0.6686550163364408,0.14054054054054055
32,5.9,0,3,1366.11,514.0,0,0,468.18,63.1,Santa Ana,Professional,Silver,1366.11,0.3424596411408007,0.1787878787878788
46,6.9,2,2,3888.02,556.0,0,0,1540.14,98.5,San Salvador,Manager,Platinum,1296.0066666666667,0.39602264837928325,0.1468085106382979
24,4.4,0,4,840.66,542.0,1,0,510.06,65.8,La Libertad,Clerk,Gold,840.66,0.6060166813202481,0.17600000000000002
56,6.5,1,2,1638.01,546.0,1,1,972.7,59.2,La Libertad,Manager,Platinum,819.005,0.5934680081268571,0.11403508771929824
37,5.5,3,2,754.12,545.0,0,0,331.27,23.8,San Miguel,Technician,Silver,188.53,0.43869848500900516,0.14473684210526316
40,6.0,0,3,789.66,539.0,1,0,527.67,56.6,Santa Ana,Clerk,Silver,789.66,0.66737915159487,0.14634146341463414
20,0.8,2,1,763.93,555.0,1,0,370.54,43.4,Santa Ana,Clerk,Silver,254.64333333333332,0.4844103382008812,0.0380952380952381
54,8.0,0,4,1269.9,565.0,1,1,829.96,41.9,Santa Ana,Professional,Platinum,1269.9,0.6530490203792588,0.14545454545454545
25,2.1,2,3,1826.95,617.0,0,0,621.19,62.7,La Libertad,Professional,Platinum,608.9833333333333,0.3398287699335321,0.08076923076923077
65,12.1,0,1,1624.25,486.0,0,0,658.53,55.7,Santa Ana,Professional,Gold,1624.25,0.40518689432395016,0.18333333333333332
47,2.9,1,1,357.93,586.0,0,0,191.57,18.1,San Salvador,Student,Silver,178.965,0.5337252389045217,0.06041666666666667
51,9.0,0,2,690.42,586.0,1,1,462.15,59.8,San Miguel,Technician,Gold,690.42,0.6684070463683434,0.17307692307692307
57,3.8,0,3,1349.53,519.0,0,0,706.54,51.1,La Libertad,Technician,Gold,1349.53,0.5231575751741908,0.06551724137931034
61,10.2,0,1,506.93,539.0,1,0,292.26,51.1,La Libertad,Technician,Gold,506.93,0.5753942472387927,0.16451612903225804
36,5.4,1,2,1385.08,504.0,0,0,113.48,56.6,Santa Ana,Professional,Gold,692.54,0.08187117626688215,0.14594594594594595
58,10.5,0,4,2439.48,566.0,1,1,1825.58,83.7,San Miguel,Self-Employed,Platinum,2439.48,0.7480413689110339,0.17796610169491525
19,2.6,1,2,514.9,496.0,1,0,258.5,29.4,San Salvador,Clerk,Silver,257.45,0.5010660980810234,0.13
73,11.2,1,2,414.89,590.0,0,0,134.13,30.9,Sonsonate,Student,Silver,207.445,0.32251316453870016,0.15135135135135133
21,0.0,0,1,1648.57,574.0,1,0,661.98,66.7,La Libertad,Technician,Gold,1648.57,0.4013045824063241,0.0
51,9.3,4,3,884.56,540.0,0,0,513.54,33.8,San Salvador,Clerk,Silver,176.91199999999998,0.579904241383983,0.17884615384615385
59,7.3,3,2,4305.51,514.0,1,1,2609.56,100.0,San Miguel,Manager,Platinum,1076.3775,0.6059570278485362,0.12166666666666666
71,11.5,0,1,850.67,607.0,1,0,670.48,47.0,San Miguel,Self-Employed,Platinum,850.67,0.7872532788521376,0.1597222222222222
31,4.7,1,2,1587.47,494.0,0,1,685.06,46.9,La Libertad,Professional,Gold,793.735,0.4312703419013264,0.146875
19,0.0,0,5,175.97,493.0,0,0,53.8,33.2,San Salvador,Student,Silver,175.97,0.30400632875628636,0.0
58,7.1,0,4,1976.96,557.0,0,0,1060.86,71.3,San Salvador,Professional,Gold,1976.96,0.536340472001456,0.12033898305084745
29,1.6,1,2,1232.04,553.0,1,0,605.92,48.9,Santa Ana,Technician,Silver,616.02,0.49140336079932523,0.05333333333333334
74,12.1,0,1,1135.92,605.0,0,0,367.2,41.2,San Salvador,Professional,Platinum,1135.92,0.3229778700348309,0.16133333333333333
59,8.9,2,5,2269.7,596.0,0,1,1238.15,78.2,Sonsonate,Manager,Platinum,756.5666666666666,0.5452723829656054,0.14833333333333334
71,12.1,3,2,1180.25,629.0,0,1,251.99,44.3,San Salvador,Technician,Silver,295.0625,0.21332486772486772,0.16805555555555554
69,11.4,0,2,1519.53,582.0,1,1,962.87,78.7,La Libertad,Technician,Silver,1519.53,0.6332463022761801,0.16285714285714287
19,0.0,1,2,620.16,529.0,1,0,383.25,35.9,San Salvador,Clerk,Gold,310.08,0.6169907914224999,0.0
54,6.3,0,1,623.23,549.0,1,1,325.66,56.2,Sonsonate,Clerk,Silver,623.23,0.5216987328388575,0.11454545454545455
70,7.6,3,4,1590.06,519.0,1,0,1049.05,89.1,Sonsonate,Technician,Silver,397.515,0.6593403140045001,0.10704225352112676
33,0.5,0,2,1375.52,527.0,0,0,609.87,35.9,Santa Ana,Professional,Gold,1375.52,0.44305204428558975,0.014705882352941176
64,7.1,0,1,1228.04,549.0,1,1,787.97,54.8,Santa Ana,Professional,Gold,1228.04,0.6411264076026818,0.10923076923076923
43,5.8,1,2,937.02,588.0,1,0,382.31,52.5,San Salvador,Technician,Gold,468.51,0.40757126713716124,0.1318181818181818
68,9.5,0,2,3181.24,575.0,0,1,1450.45,82.1,Santa Ana,Manager,Platinum,3181.24,0.4557952888531349,0.13768115942028986
66,10.6,4,2,1093.83,514.0,0,0,309.94,49.7,Santa Ana,Clerk,Silver,218.766,0.2830941790049597,0.1582089552238806
60,10.9,0,2,751.58,579.0,0,0,307.19,18.2,San Salvador,Clerk,Gold,751.58,0.4081825188019878,0.17868852459016393
59,9.9,0,1,1770.88,561.0,1,0,1197.24,69.5,Sonsonate,Professional,Gold,1770.88,0.6756890985845542,0.165
50,3.7,1,1,760.59,552.0,1,0,621.41,61.9,Santa Ana,Clerk,Silver,380.295,0.8159377092661405,0.07254901960784314
47,5.8,1,5,1138.0,667.0,1,0,558.66,87.7,Santa Ana,Professional,Platinum,569.0,0.49048287971905175,0.12083333333333333
69,14.1,0,1,1370.08,566.0,1,0,966.24,67.7,San Salvador,Manager,Platinum,1370.08,0.7047291186509905,0.20142857142857143
36,9.6,3,3,1532.54,543.0,0,1,847.48,46.0,San Salvador,Technician,Silver,383.135,0.552629862931518,0.2594594594594595
39,2.7,0,2,1282.31,481.0,0,0,611.87,43.4,San Miguel,Professional,Silver,1282.31,0.47679048709976546,0.0675
55,9.2,4,1,503.27,544.0,0,0,207.62,32.9,San Salvador,Student,Silver,100.654,0.4117238780811867,0.16428571428571428
53,5.0,1,1,1857.78,629.0,1,0,1416.83,67.2,La Libertad,Professional,Gold,928.89,0.76223652072865,0.09259259259259259
44,7.5,0,2,1119.19,592.0,0,0,445.1,39.3,La Unión,Professional,Gold,1119.19,0.3973433078317071,0.16666666666666666
61,7.0,2,5,995.86,560.0,0,0,476.72,65.5,San Salvador,Clerk,Silver,331.9533333333333,0.4782216158738439,0.11290322580645161
57,12.4,0,3,1614.21,504.0,1,1,1242.46,59.2,San Miguel,Self-Employed,Gold,1614.21,0.7692250543273011,0.21379310344827587
46,3.6,3,3,563.34,536.0,1,0,336.28,44.5,San Miguel,Clerk,Silver,140.835,0.5958819151575291,0.07659574468085106
20,1.0,1,1,924.83,485.0,0,0,314.07,47.2,San Salvador,Professional,Gold,462.415,0.33923074430510997,0.047619047619047616
19,0.0,0,2,942.04,531.0,1,0,557.27,42.6,San Salvador,Clerk,Gold,942.04,0.5909293349168646,0.0
28,4.4,4,2,658.63,631.0,0,0,233.07,26.0,Sonsonate,Technician,Silver,131.726,0.35333444506768946,0.1517241379310345
73,13.2,0,3,1076.6,530.0,0,0,436.0,48.1,San Salvador,Self-Employed,Platinum,1076.6,0.4046028210838902,0.17837837837837836
51,6.9,0,3,1755.14,569.0,1,0,1119.56,72.2,Santa Ana,Professional,Platinum,1755.14,0.6375118156866764,0.1326923076923077
22,0.0,1,1,773.81,489.0,1,0,448.85,21.7,La Unión,Technician,Silver,386.905,0.5793033130703011,0.0
34,0.0,4,2,1417.96,580.0,0,0,674.71,43.6,La Libertad,Technician,Silver,283.592,0.47549613801657553,0.0
60,9.0,3,4,1039.38,545.0,0,0,236.29,67.0,San Salvador,Technician,Gold,259.845,0.22711893731136698,0.14754098360655737
71,8.9,1,1,1058.59,575.0,1,0,734.22,59.2,Santa Ana,Professional,Platinum,529.295,0.6929283968327373,0.12361111111111112
30,5.5,0,3,1423.12,574.0,1,1,723.02,72.8,San Miguel,Professional,Gold,1423.12,0.5076959806757858,0.1774193548387097
51,5.7,0,3,2353.94,569.0,1,1,1157.54,91.7,La Libertad,Self-Employed,Platinum,2353.94,0.49153693937000514,0.10961538461538461
71,10.3,3,1,398.45,546.0,1,0,246.23,33.7,San Miguel,Student,Silver,99.6125,0.6164225810489423,0.14305555555555557
60,7.0,2,1,1018.41,568.0,1,0,696.19,53.4,San Salvador,Technician,Gold,339.46999999999997,0.6829342462797109,0.11475409836065574
34,0.0,4,1,1129.21,561.0,1,0,579.71,51.1,La Libertad,Professional,Gold,225.842,0.5129223772573239,0.0
70,8.7,0,2,1288.99,621.0,0,1,711.24,34.5,San Salvador,Technician,Gold,1288.99,0.5513531112644284,0.12253521126760562
29,0.0,2,5,1027.54,585.0,1,0,581.08,74.6,San Miguel,Technician,Gold,342.5133333333333,0.5649561514379606,0.0
38,5.7,0,2,782.85,590.0,0,0,227.19,34.4,La Unión,Technician,Silver,782.85,0.2898386170823499,0.14615384615384616
72,9.6,2,3,758.44,546.0,1,0,619.8,65.2,Santa Ana,Clerk,Silver,252.81333333333336,0.8161276730222268,0.13150684931506848
55,7.9,0,2,1048.49,517.0,0,0,288.34,37.7,San Miguel,Technician,Gold,1048.49,0.2747429703951443,0.14107142857142857
44,1.7,1,2,1348.63,541.0,1,0,626.42,58.7,San Miguel,Professional,Gold,674.315,0.46414202411031164,0.03777777777777778
49,4.2,0,3,737.03,538.0,0,1,113.1,59.3,San Salvador,Technician,Gold,737.03,0.15324580301613755,0.084
54,9.5,2,1,2091.16,541.0,1,0,1281.36,100.0,Santa Ana,Clerk,Silver,697.0533333333333,0.6124579382074029,0.17272727272727273
67,10.7,0,1,496.87,545.0,1,0,187.69,32.7,San Miguel,Clerk,Gold,496.87,0.37698596019041114,0.15735294117647058
33,5.5,4,2,1313.84,538.0,1,0,586.34,75.4,San Miguel,Professional,Gold,262.768,0.4459401904414226,0.16176470588235295
28,2.3,1,2,961.28,557.0,0,0,296.25,43.7,Sonsonate,Technician,Silver,480.64,0.30786257638109493,0.0793103448275862
41,3.4,0,1,1659.55,502.0,1,0,768.74,73.6,San Miguel,Professional,Gold,1659.55,0.4629430008129837,0.08095238095238096
62,10.4,1,1,1509.43,607.0,0,0,769.49,51.7,San Salvador,Professional,Gold,754.715,0.5094509510536734,0.16507936507936508
73,12.9,1,1,458.17,589.0,0,0,238.73,11.5,San Salvador,Clerk,Gold,229.085,0.5199163708430429,0.17432432432432432
60,6.2,1,4,603.89,532.0,0,0,150.01,27.8,San Salvador,Clerk,Silver,301.945,0.24799550331465225,0.10163934426229508
63,7.6,1,1,302.86,547.0,0,0,145.03,11.7,Santa Ana,Clerk,Silver,151.43,0.4772921740275127,0.11875
67,12.6,0,2,1203.03,510.0,0,0,806.99,65.0,San Salvador,Technician,Gold,1203.03,0.6702407747315267,0.18529411764705883
44,4.9,1,5,468.16,537.0,1,0,244.13,53.5,San Salvador,Student,Silver,234.08,0.5203555290306079,0.1088888888888889
69,7.5,2,1,597.65,595.0,0,0,330.42,15.3,San Salvador,Clerk,Silver,199.21666666666667,0.5519418692057129,0.10714285714285714
72,11.7,1,3,620.81,540.0,1,1,305.11,52.2,San Salvador,Clerk,Gold,310.405,0.4906804329296731,0.1602739726027397
55,7.9,1,3,1236.08,524.0,1,1,675.92,59.5,San Salvador,Professional,Gold,618.04,0.5463834190189801,0.14107142857142857
70,8.4,2,1,641.09,596.0,1,0,388.61,51.8,San Salvador,Clerk,Silver,213.6966666666667,0.6052266816178418,0.11830985915492959
33,1.2,2,1,804.24,560.0,0,1,201.61,46.5,San Salvador,Clerk,Silver,268.08,0.250372559733744,0.03529411764705882
23,0.7,0,1,1132.46,494.0,1,0,527.67,59.8,Santa Ana,Clerk,Silver,1132.46,0.4655391456249007,0.029166666666666664
33,0.0,1,1,667.64,480.0,0,0,302.49,26.3,La Libertad,Clerk,Silver,333.82,0.45239590811198854,0.0
74,9.7,2,3,1736.47,568.0,1,0,987.93,66.0,San Salvador,Professional,Platinum,578.8233333333334,0.5686026233546478,0.12933333333333333
58,10.7,3,3,524.36,552.0,0,0,218.97,14.4,La Unión,Clerk,Silver,131.09,0.41679990863407945,0.18135593220338983
53,5.4,0,5,1763.82,519.0,1,1,1225.09,100.0,Santa Ana,Professional,Gold,1763.82,0.6941727768270985,0.1
66,11.9,1,1,1444.07,586.0,1,0,965.35,57.9,San Miguel,Professional,Gold,722.035,0.6680299224259033,0.17761194029850746
62,8.1,1,3,398.72,495.0,0,0,158.32,39.7,San Salvador,Student,Silver,199.36,0.39607725407785443,0.12857142857142856
37,9.0,4,4,2447.59,517.0,1,0,1701.98,100.0,San Salvador,Manager,Platinum,489.51800000000003,0.6950857432236511,0.23684210526315788
40,2.3,0,3,287.97,513.0,1,0,210.62,64.9,San Salvador,Student,Silver,287.97,0.7288645880195176,0.05609756097560975
56,10.5,2,5,1190.92,548.0,1,0,953.83,75.2,La Libertad,Professional,Platinum,396.97333333333336,0.8002466608497214,0.18421052631578946
48,5.2,0,2,215.28,543.0,1,0,157.31,50.8,Santa Ana,Student,Silver,215.28,0.7273441834658776,0.10612244897959185
57,6.4,1,3,1536.36,587.0,1,0,843.35,96.7,San Salvador,Professional,Platinum,768.18,0.5485702763178436,0.11034482758620691
20,2.7,0,2,903.71,528.0,1,0,286.48,60.2,San Salvador,Technician,Gold,903.71,0.31665395541112623,0.1285714285714286
70,10.7,0,2,962.62,597.0,1,0,826.85,67.0,San Salvador,Professional,Platinum,962.62,0.8580664577323012,0.15070422535211267
32,3.6,1,4,1531.85,507.0,1,0,1080.03,90.0,San Salvador,Self-Employed,Gold,765.925,0.7045894901653782,0.1090909090909091
23,0.6,3,2,601.16,571.0,0,1,343.87,25.2,San Miguel,Clerk,Silver,150.29,0.5710608476152518,0.024999999999999998
40,3.5,2,2,1148.99,601.0,0,0,406.68,56.7,San Salvador,Clerk,Gold,382.99666666666667,0.35363785772050194,0.08536585365853659
51,6.9,1,2,514.54,534.0,0,0,219.13,40.2,San Salvador,Clerk,Silver,257.27,0.4250494626993056,0.1326923076923077
39,4.3,3,3,1350.68,504.0,0,0,436.38,63.8,San Salvador,Technician,Gold,337.67,0.3228426846590909,0.1075
65,7.5,2,1,741.09,527.0,0,0,168.42,15.3,La Libertad,Clerk,Silver,247.03,0.2269536040102952,0.11363636363636363
39,5.9,2,1,1161.23,567.0,0,0,462.18,49.7,Santa Ana,Technician,Silver,387.07666666666665,0.3976665548127307,0.14750000000000002
23,0.0,1,4,963.61,533.0,0,0,330.46,50.9,San Salvador,Professional,Gold,481.805,0.3425840495122381,0.0
65,10.5,2,1,5547.46,611.0,0,1,3557.71,100.0,San Salvador,Manager,Platinum,1849.1533333333334,0.6412067492601551,0.1590909090909091
35,5.8,4,2,735.24,517.0,1,0,501.46,49.5,La Unión,Technician,Silver,147.048,0.6811094208410301,0.1611111111111111
26,0.5,0,1,627.85,516.0,1,0,275.57,33.8,San Salvador,Clerk,Silver,627.85,0.43821261032042613,0.018518518518518517
27,1.2,1,3,212.16,474.0,1,0,95.12,43.9,La Libertad,Student,Silver,106.08,0.44623756802401954,0.04285714285714286
41,3.8,0,2,312.1,559.0,1,0,160.43,48.8,Santa Ana,Student,Silver,312.1,0.5123922069626318,0.09047619047619047
46,4.1,0,1,2061.6,552.0,1,1,1048.36,70.3,Santa Ana,Professional,Gold,2061.6,0.5082711141277998,0.08723404255319148
31,0.0,1,4,818.17,506.0,1,1,333.54,78.2,La Libertad,Clerk,Silver,409.085,0.40716823125846896,0.0
25,0.0,0,2,1274.47,534.0,0,0,833.51,54.6,Sonsonate,Self-Employed,Silver,1274.47,0.6534924380816484,0.0
29,2.4,1,5,694.81,580.0,1,0,517.75,76.5,San Miguel,Clerk,Gold,347.405,0.7440968080366768,0.08
63,10.1,3,3,336.12,549.0,1,0,213.67,50.9,San Salvador,Student,Silver,84.03,0.6338099193165638,0.1578125
19,2.9,1,1,1513.31,482.0,0,0,421.61,35.5,Santa Ana,Self-Employed,Silver,756.655,0.27841723293117,0.145
35,0.0,3,1,753.99,526.0,1,0,437.88,41.9,Santa Ana,Clerk,Silver,188.4975,0.579981191803865,0.0
25,2.2,0,2,1092.91,502.0,1,0,543.34,53.1,Santa Ana,Technician,Gold,1092.91,0.49669534056732273,0.08461538461538462
46,2.2,0,5,1317.88,607.0,1,0,738.5,99.7,Santa Ana,Self-Employed,Gold,1317.88,0.5599448016498847,0.04680851063829788
59,5.3,0,4,452.9,562.0,1,0,321.83,68.3,Santa Ana,Student,Silver,452.9,0.7090328266137916,0.08833333333333333
45,0.0,1,3,2522.32,552.0,0,0,1136.27,88.7,La Libertad,Manager,Platinum,1261.16,0.45030753134758966,0.0
28,2.6,1,4,1067.98,510.0,1,0,702.63,75.1,San Salvador,Clerk,Gold,533.99,0.6572901270369885,0.0896551724137931
32,5.0,2,3,1220.02,510.0,1,0,842.07,54.5,San Salvador,Self-Employed,Platinum,406.67333333333335,0.6896447232641563,0.15151515151515152
56,10.0,0,2,2230.18,604.0,0,1,922.48,84.0,Sonsonate,Professional,Gold,2230.18,0.41344938552694094,0.17543859649122806
64,13.1,3,2,2395.93,506.0,1,0,1601.2,100.0,San Salvador,Manager,Platinum,598.9825,0.6680211770890264,0.20153846153846153
50,6.3,3,2,1108.24,588.0,1,0,663.28,61.1,San Miguel,Technician,Silver,277.06,0.5979589628935127,0.12352941176470587
20,2.9,0,2,883.23,551.0,1,0,580.85,63.1,San Salvador,Clerk,Gold,883.23,0.6568992230528257,0.1380952380952381
34,6.1,0,1,2866.4,600.0,0,0,1528.92,62.0,La Libertad,Manager,Platinum,2866.4,0.5332077840552417,0.17428571428571427
65,9.2,2,3,384.02,498.0,1,0,219.56,49.1,San Salvador,Clerk,Silver,128.00666666666666,0.5702560905926966,0.13939393939393938
38,4.3,0,3,1580.99,511.0,1,0,808.96,79.4,Santa Ana,Professional,Gold,1580.99,0.51135595041688,0.11025641025641025
49,5.8,4,2,700.18,537.0,1,0,465.39,50.5,San Salvador,Clerk,Silver,140.036,0.6637240081006304,0.11599999999999999
25,0.8,2,1,1414.5,598.0,0,0,631.46,34.0,San Salvador,Manager,Platinum,471.5,0.44610385022960086,0.03076923076923077
64,9.6,1,3,2741.28,621.0,0,1,1295.51,86.4,Sonsonate,Manager,Platinum,1370.64,0.472420759368117,0.14769230769230768
23,0.0,2,3,330.86,507.0,0,0,61.24,33.1,San Salvador,Student,Silver,110.28666666666668,0.18453564756222504,0.0
20,1.1,0,1,1524.04,559.0,1,1,870.41,56.2,La Libertad,Self-Employed,Platinum,1524.04,0.5707456853590726,0.05238095238095238
58,6.2,0,2,887.92,584.0,1,0,533.67,66.3,Santa Ana,Professional,Gold,887.92,0.6003577374791882,0.10508474576271187
37,2.6,1,3,1721.89,589.0,1,1,766.07,69.7,San Salvador,Professional,Gold,860.945,0.4446424321924209,0.06842105263157895
39,4.7,1,4,892.78,613.0,0,0,412.83,60.3,San Salvador,Professional,Platinum,446.39,0.4618921882342411,0.11750000000000001
22,0.0,0,2,819.04,534.0,1,0,529.55,64.2,La Unión,Technician,Silver,819.04,0.6457611823813473,0.0
26,3.9,3,2,904.07,563.0,1,0,527.96,29.3,La Unión,Technician,Silver,226.0175,0.5833360955506204,0.14444444444444443
47,5.0,1,2,761.96,560.0,0,0,299.93,26.1,San Salvador,Technician,Gold,380.98,0.3931136625773304,0.10416666666666667
67,10.5,1,2,2658.15,580.0,1,1,1911.46,97.6,Sonsonate,Professional,Platinum,1329.075,0.7188236842600079,0.15441176470588236
56,1.5,0,1,1436.07,522.0,0,1,450.25,41.7,Santa Ana,Professional,Gold,1436.07,0.3133111121935605,0.02631578947368421
27,1.2,0,2,1029.36,540.0,0,0,157.94,47.5,Santa Ana,Clerk,Silver,1029.36,0.1532862300555146,0.04285714285714286
43,2.3,1,2,765.67,548.0,0,1,330.73,42.1,San Salvador,Technician,Silver,382.835,0.4313850809344308,0.05227272727272727
39,5.6,0,3,1126.64,544.0,1,0,712.12,54.7,San Salvador,Self-Employed,Gold,1126.64,0.6315136036323649,0.13999999999999999
74,8.6,0,2,266.42,564.0,0,0,82.38,23.0,La Unión,Student,Silver,266.42,0.308054745344402,0.11466666666666667
66,11.4,1,2,775.69,622.0,0,0,312.87,57.3,La Unión,Clerk,Silver,387.845,0.4028248078383911,0.1701492537313433
62,8.8,1,1,507.54,562.0,1,0,225.95,56.7,La Unión,Clerk,Silver,253.77,0.44431116529673176,0.13968253968253969
28,5.9,2,3,427.51,492.0,0,0,183.59,37.1,San Miguel,Student,Silver,142.50333333333333,0.4284380761242445,0.20344827586206898
71,7.2,2,2,692.64,566.0,1,0,401.94,51.5,San Salvador,Clerk,Gold,230.88,0.5794648520846549,0.1
49,7.8,2,1,1622.01,612.0,0,0,540.78,50.4,San Salvador,Technician,Gold,540.67,0.33319572892342003,0.156
52,5.5,2,3,526.25,520.0,0,0,253.81,38.6,San Miguel,Student,Silver,175.41666666666666,0.48138454243717405,0.10377358490566038
53,7.4,0,1,1023.64,566.0,1,1,720.39,55.6,San Miguel,Manager,Platinum,1023.64,0.70306644284822,0.13703703703703704
36,3.3,1,2,1125.11,566.0,1,0,544.58,41.0,San Salvador,Technician,Gold,562.555,0.48359396506557983,0.08918918918918918
63,7.3,0,4,1088.83,545.0,0,0,454.28,56.4,La Unión,Clerk,Silver,1088.83,0.4168356532670233,0.1140625
42,5.8,2,2,903.16,474.0,0,0,425.44,33.4,Santa Ana,Professional,Silver,301.05333333333334,0.4705361882852593,0.13488372093023254
18,1.4,1,1,1977.91,547.0,0,0,889.97,58.6,San Salvador,Professional,Gold,988.955,0.4497273751711801,0.07368421052631578
74,12.4,3,1,452.87,572.0,0,0,169.84,42.3,La Libertad,Student,Silver,113.2175,0.37420406724392447,0.16533333333333333
69,9.1,1,3,3292.8,637.0,0,1,567.83,95.0,San Miguel,Manager,Platinum,1646.4,0.17239358795312407,0.13
57,10.0,4,1,1338.6,541.0,1,0,1004.14,61.7,San Salvador,Clerk,Gold,267.71999999999997,0.7495819647656017,0.1724137931034483
23,1.8,0,2,1809.27,514.0,1,1,1061.56,78.0,San Salvador,Professional,Gold,1809.27,0.5864097620796898,0.075
50,4.2,0,1,1130.93,585.0,0,1,503.7,26.1,San Miguel,Technician,Gold,1130.93,0.4449921814953221,0.08235294117647059
19,2.6,4,3,2900.66,574.0,0,0,1097.85,84.0,Santa Ana,Manager,Platinum,580.132,0.3783523913897562,0.13
48,7.2,0,4,781.74,526.0,0,0,345.63,51.9,Santa Ana,Clerk,Silver,781.74,0.4415642486649462,0.1469387755102041
35,6.4,1,1,720.03,548.0,0,0,491.8,12.3,Sonsonate,Technician,Silver,360.015,0.6820798025047502,0.17777777777777778
30,2.4,1,2,888.7,526.0,0,0,371.61,42.4,San Salvador,Technician,Silver,444.35,0.41768011689333484,0.07741935483870968
29,1.5,0,1,3950.78,595.0,0,1,1337.49,90.1,La Libertad,Manager,Platinum,3950.78,0.3384525454352216,0.05
20,0.4,0,1,1532.39,537.0,1,1,1118.69,65.2,San Salvador,Professional,Platinum,1532.39,0.729553473023823,0.01904761904761905
47,9.7,0,3,1052.93,595.0,1,0,658.85,61.3,Santa Ana,Technician,Gold,1052.93,0.6251363942576831,0.2020833333333333
27,0.2,1,2,1041.92,556.0,0,0,418.57,34.6,La Libertad,Professional,Platinum,520.96,0.4013443025351896,0.0071428571428571435
57,9.8,0,1,298.54,547.0,0,0,151.14,19.3,Sonsonate,Student,Silver,298.54,0.5045736796421179,0.16896551724137931
30,2.7,2,1,1764.34,532.0,0,0,641.19,47.0,San Miguel,Professional,Gold,588.1133333333333,0.3632104863652328,0.08709677419354839
71,10.2,0,2,1002.69,581.0,1,0,719.68,58.3,San Salvador,Professional,Platinum,1002.69,0.7170341440086081,0.14166666666666666
30,3.6,1,1,894.21,480.0,0,1,353.14,39.3,San Miguel,Technician,Silver,447.105,0.394477273488902,0.11612903225806452
59,7.5,3,5,1782.24,570.0,0,1,858.93,68.8,San Salvador,Professional,Gold,445.56,0.4816681994571678,0.125
59,9.5,1,2,518.7,591.0,0,0,194.66,33.0,San Salvador,Clerk,Silver,259.35,0.37456224745045213,0.15833333333333333
61,8.1,4,3,912.89,552.0,0,0,256.13,49.5,Santa Ana,Technician,Silver,182.578,0.28026348904135073,0.13064516129032258
18,0.6,0,2,1623.02,526.0,1,0,800.49,65.2,Sonsonate,Manager,Gold,1623.02,0.49290649129936825,0.031578947368421054
53,8.5,0,1,595.8,591.0,1,0,355.26,50.2,San Salvador,Clerk,Silver,595.8,0.5952747989276139,0.1574074074074074
44,3.8,0,3,1773.27,618.0,0,0,731.57,58.7,La Libertad,Technician,Gold,1773.27,0.412321687229114,0.08444444444444445
45,4.1,0,1,299.96,581.0,1,0,241.65,45.6,San Salvador,Student,Silver,299.96,0.8029306220095694,0.0891304347826087
33,0.0,0,1,1725.23,568.0,0,0,669.35,37.4,San Salvador,Technician,Gold,1725.23,0.38775250111514686,0.0
44,2.7,1,2,1301.36,566.0,0,0,472.3,42.0,Santa Ana,Clerk,Gold,650.68,0.3626493442673301,0.060000000000000005
47,7.3,3,2,736.15,522.0,0,1,321.91,35.8,San Salvador,Manager,Platinum,184.0375,0.4366953808587127,0.15208333333333332
55,6.4,0,1,1452.85,565.0,1,1,769.27,35.7,San Salvador,Self-Employed,Gold,1452.85,0.5291261134229804,0.1142857142857143
58,9.1,0,1,2131.62,580.0,1,0,1596.06,64.6,San Salvador,Professional,Platinum,2131.62,0.7484033723776388,0.1542372881355932
42,4.9,1,3,2234.97,548.0,1,0,1470.65,84.9,La Libertad,Manager,Platinum,1117.485,0.6577234936068016,0.11395348837209303
64,10.1,0,2,1657.93,610.0,1,0,644.67,71.5,San Salvador,Professional,Platinum,1657.93,0.38860590862785044,0.15538461538461537
55,8.5,1,3,990.3,544.0,1,1,612.42,69.1,La Libertad,Self-Employed,Gold,495.15,0.617794814889539,0.15178571428571427
35,6.5,3,2,997.71,643.0,1,0,783.94,65.9,San Salvador,Technician,Gold,249.4275,0.7849525888396031,0.18055555555555555
65,9.8,0,1,831.27,641.0,1,0,521.44,53.8,San Miguel,Self-Employed,Platinum,831.27,0.6265274490249559,0.1484848484848485
25,1.1,0,2,1040.01,485.0,1,0,786.52,56.0,Sonsonate,Technician,Silver,1040.01,0.7555354895726266,0.04230769230769231
66,8.6,0,1,1342.19,529.0,0,1,279.21,35.8,San Salvador,Professional,Platinum,1342.19,0.20787081500011165,0.12835820895522387
19,3.7,1,1,1942.69,514.0,0,0,1089.78,60.3,La Libertad,Professional,Gold,971.345,0.5606758279355246,0.185
49,9.0,0,3,1005.03,652.0,1,0,483.71,56.2,San Salvador,Clerk,Platinum,1005.03,0.4808107114101965,0.18
32,6.5,0,1,879.81,531.0,1,1,381.23,44.4,San Miguel,Clerk,Silver,879.81,0.43281752023705455,0.19696969696969696
20,0.1,0,1,856.25,560.0,0,0,281.54,22.5,San Salvador,Technician,Silver,856.25,0.32842228054826483,0.004761904761904762
35,1.7,3,1,1977.77,513.0,0,0,1132.74,59.4,San Salvador,Self-Employed,Gold,494.4425,0.5724465198077594,0.04722222222222222
32,5.9,0,1,2102.7,597.0,0,0,1224.01,49.3,San Salvador,Professional,Gold,2102.7,0.5818367637971195,0.1787878787878788
52,6.9,2,3,282.4,564.0,0,1,154.23,45.1,La Unión,Student,Silver,94.13333333333333,0.544213126323218,0.13018867924528302
43,3.7,2,2,1159.92,501.0,1,0,741.88,63.1,San Salvador,Clerk,Gold,386.64000000000004,0.6390448954277641,0.08409090909090909
59,6.8,0,2,5102.26,602.0,1,1,2687.42,100.0,La Libertad,Manager,Platinum,5102.26,0.526608481637228,0.11333333333333333
31,2.5,1,1,1228.53,506.0,0,1,257.12,39.9,Sonsonate,Technician,Silver,614.265,0.20912055826210016,0.078125
38,3.2,2,2,432.37,523.0,0,0,94.86,20.0,Sonsonate,Technician,Silver,144.12333333333333,0.21888917091630708,0.08205128205128205
35,4.0,1,1,1099.22,480.0,1,1,589.43,41.2,San Salvador,Clerk,Silver,549.61,0.5357383068840776,0.1111111111111111
65,9.0,1,1,962.44,569.0,0,1,450.28,30.3,Sonsonate,Clerk,Silver,481.22,0.4673669351490492,0.13636363636363635
23,0.0,0,2,1123.44,556.0,0,0,408.28,36.2,La Unión,Self-Employed,Silver,1123.44,0.3630962968233076,0.0
46,5.7,0,4,2545.63,600.0,1,0,1723.89,89.4,Santa Ana,Professional,Platinum,2545.63,0.6769299034410181,0.12127659574468086
63,13.9,2,1,1553.25,532.0,0,0,582.05,56.3,Santa Ana,Professional,Gold,517.75,0.3744893035225993,0.2171875
18,0.0,4,1,497.73,509.0,0,0,178.6,22.3,San Miguel,Clerk,Silver,99.546,0.3581095983798849,0.0
44,3.0,0,1,2142.31,567.0,1,0,1451.52,65.8,San Salvador,Technician,Platinum,2142.31,0.6772328781184244,0.06666666666666667
37,4.9,3,2,1357.09,542.0,0,1,685.96,59.7,San Salvador,Clerk,Silver,339.2725,0.5050917096805072,0.12894736842105264
70,9.9,0,1,1738.68,600.0,0,0,1184.63,43.3,San Salvador,Manager,Platinum,1738.68,0.6809470707256507,0.13943661971830987
73,12.1,0,1,693.79,473.0,0,0,276.89,36.4,Sonsonate,Self-Employed,Silver,693.79,0.3985232948085033,0.1635135135135135
66,11.6,3,2,519.06,513.0,0,0,293.3,40.6,San Salvador,Clerk,Silver,129.765,0.5639733876860363,0.17313432835820894
35,2.7,0,2,1033.83,579.0,0,0,554.18,46.3,San Salvador,Professional,Platinum,1033.83,0.5355275745774668,0.07500000000000001
28,0.7,4,1,1210.9,568.0,1,1,732.95,66.7,San Salvador,Technician,Silver,242.18,0.6047941249277993,0.02413793103448276
46,3.5,0,3,547.41,600.0,1,1,348.34,71.8,Sonsonate,Clerk,Silver,547.41,0.635181707116938,0.07446808510638298
66,11.9,1,1,766.31,603.0,1,0,509.64,38.2,La Libertad,Clerk,Gold,383.155,0.6641904836376432,0.17761194029850746
36,2.9,1,4,902.02,514.0,1,1,551.01,51.2,Sonsonate,Professional,Gold,451.01,0.6101858209120506,0.07837837837837838
31,3.8,2,1,873.76,523.0,1,0,410.37,40.0,San Salvador,Clerk,Silver,291.25333333333333,0.46912295944030363,0.11875
29,0.3,1,1,574.41,544.0,0,0,254.04,32.7,San Miguel,Clerk,Silver,287.205,0.44149389131228167,0.01
32,2.5,0,1,891.43,551.0,1,0,509.23,62.8,La Unión,Clerk,Silver,891.43,0.5706105801015207,0.07575757575757576
35,2.0,4,1,2072.57,577.0,0,0,1053.55,55.8,La Libertad,Technician,Silver,414.514,0.5080850899656147,0.05555555555555555
74,9.9,4,4,1260.88,538.0,1,1,460.81,53.9,La Unión,Technician,Silver,252.17600000000002,0.3651773544235585,0.132
47,4.3,1,3,621.02,554.0,0,0,382.23,42.1,La Libertad,Technician,Gold,310.51,0.6144979261117006,0.08958333333333333
65,11.1,0,4,1415.29,558.0,0,0,537.85,53.3,San Miguel,Professional,Gold,1415.29,0.3797597949572475,0.16818181818181818
33,0.0,0,1,1205.61,503.0,0,1,223.84,15.9,San Miguel,Professional,Gold,1205.61,0.18551147429575424,0.0
18,0.7,1,1,1430.39,588.0,0,1,706.16,39.5,Sonsonate,Professional,Gold,715.195,0.49333864285764184,0.03684210526315789
20,0.0,0,1,706.3,551.0,1,0,423.15,46.0,San Miguel,Clerk,Silver,706.3,0.5982609925067157,0.0
64,9.1,0,1,1760.22,599.0,0,1,778.73,47.1,Santa Ana,Manager,Gold,1760.22,0.44215373434323935,0.13999999999999999
66,7.1,0,3,1914.24,621.0,0,0,950.14,69.4,La Libertad,Professional,Platinum,1914.24,0.4960944842421837,0.10597014925373134
45,4.0,1,3,398.71,528.0,0,0,101.33,25.9,Santa Ana,Student,Silver,199.355,0.2535087938755598,0.08695652173913043
44,7.2,2,2,1287.31,558.0,1,0,743.29,54.3,San Miguel,Professional,Gold,429.1033333333333,0.5769496472122393,0.16
26,1.4,1,1,1155.61,539.0,1,0,615.95,54.3,La Libertad,Self-Employed,Gold,577.805,0.5325477040661936,0.05185185185185185
58,6.6,2,1,2629.08,573.0,1,0,1011.09,86.4,San Miguel,Manager,Platinum,876.36,0.38443317313541797,0.11186440677966102
53,4.6,0,1,647.88,519.0,0,1,197.16,21.1,San Salvador,Clerk,Silver,647.88,0.3038466280360005,0.08518518518518518
33,3.8,2,1,1062.4,500.0,1,0,694.86,54.6,Sonsonate,Technician,Silver,354.1333333333334,0.6534323866842204,0.11176470588235293
46,9.9,0,1,914.69,573.0,0,0,103.21,34.2,San Salvador,Technician,Gold,914.69,0.1127128176566305,0.21063829787234042
21,0.7,2,1,595.59,509.0,0,0,165.04,35.3,Santa Ana,Clerk,Silver,198.53,0.2766388977354632,0.031818181818181815
53,8.5,0,2,1116.39,588.0,0,1,497.51,35.0,San Miguel,Professional,Gold,1116.39,0.4452429321901932,0.1574074074074074
26,0.2,2,2,854.99,602.0,0,1,358.23,47.9,La Libertad,Professional,Gold,284.99666666666667,0.41849787964812674,0.007407407407407408
61,8.0,0,3,615.66,532.0,0,1,216.57,40.4,Sonsonate,Technician,Silver,615.66,0.35119839133396036,0.12903225806451613
42,2.7,4,2,3850.61,599.0,0,1,1394.42,100.0,San Salvador,Professional,Gold,770.1220000000001,0.36203561627475267,0.06279069767441861
37,1.9,1,2,236.67,539.0,1,0,174.2,49.6,Sonsonate,Clerk,Silver,118.335,0.7329490469979383,0.049999999999999996
26,1.4,2,3,1858.81,479.0,0,1,878.57,66.5,San Miguel,Self-Employed,Silver,619.6033333333334,0.47239771804646713,0.05185185185185185
33,3.5,1,1,801.15,518.0,0,0,356.33,32.9,San Salvador,Technician,Gold,400.575,0.44421866234494795,0.10294117647058823
21,0.0,2,1,1100.29,586.0,0,0,567.65,61.9,San Salvador,Self-Employed,Gold,366.7633333333333,0.515440982847388,0.0
55,6.0,0,2,2240.67,531.0,0,1,890.98,63.2,La Libertad,Manager,Platinum,2240.67,0.3974626060035598,0.10714285714285714
53,7.7,1,3,767.61,603.0,0,0,282.35,49.0,San Salvador,Clerk,Silver,383.805,0.3673514526222662,0.1425925925925926
65,10.3,1,1,1994.95,643.0,1,0,680.26,76.3,La Libertad,Manager,Platinum,997.475,0.34082016082567196,0.15606060606060607
33,1.3,2,3,1199.88,537.0,0,0,625.82,49.5,San Salvador,Clerk,Silver,399.96000000000004,0.5211345013656652,0.03823529411764706
52,6.3,3,5,1994.43,544.0,1,0,870.08,100.0,San Miguel,Professional,Gold,498.6075,0.4360363430438552,0.11886792452830189
57,4.3,1,1,1555.9,544.0,0,0,949.38,43.3,Santa Ana,Manager,Gold,777.95,0.6097886826385767,0.07413793103448275
30,1.4,3,2,1220.41,510.0,1,0,671.03,67.1,La Libertad,Clerk,Silver,305.1025,0.5493896398424771,0.04516129032258064
23,0.0,0,3,1089.22,490.0,1,0,629.87,63.2,La Libertad,Self-Employed,Platinum,1089.22,0.5777457760818917,0.0
45,2.0,0,1,709.96,494.0,0,0,365.28,25.6,La Libertad,Technician,Gold,709.96,0.5137841791380667,0.043478260869565216
33,0.4,1,2,1259.58,553.0,0,1,542.3,46.0,La Libertad,Professional,Gold,629.79,0.43019879737898425,0.011764705882352941
68,11.5,0,3,1502.86,560.0,1,0,970.45,83.7,San Salvador,Manager,Platinum,1502.86,0.6453060790233134,0.16666666666666666
65,11.4,1,3,1411.74,584.0,1,1,887.3,61.9,San Miguel,Technician,Silver,705.87,0.6280702747851692,0.17272727272727273
32,0.0,1,1,629.95,474.0,1,0,270.33,62.9,San Miguel,Technician,Silver,314.975,0.4284491639591092,0.0
70,10.7,3,2,269.3,555.0,1,0,221.58,37.0,La Libertad,Student,Silver,67.325,0.8197558268590455,0.15070422535211267
42,2.4,0,3,488.31,570.0,0,0,152.35,44.1,Sonsonate,Student,Silver,488.31,0.311356808567166,0.05581395348837209
52,10.7,3,3,337.84,517.0,1,0,153.24,39.9,Santa Ana,Clerk,Silver,84.46,0.4522488490142841,0.20188679245283017
60,9.6,0,4,987.72,576.0,0,0,445.2,58.1,Santa Ana,Self-Employed,Gold,987.72,0.45027914879844644,0.15737704918032785
28,6.4,1,2,855.61,557.0,0,0,240.34,29.2,San Salvador,Technician,Gold,427.805,0.28057108835993044,0.22068965517241382
49,7.2,0,2,980.41,548.0,0,0,431.05,33.4,La Libertad,Clerk,Silver,980.41,0.43921500697975363,0.14400000000000002
71,9.7,2,1,223.23,622.0,1,0,125.25,21.5,San Salvador,Student,Silver,74.41,0.5585782455514428,0.13472222222222222
55,8.5,0,2,1930.35,527.0,1,1,830.17,76.8,San Miguel,Professional,Gold,1930.35,0.4298392316255469,0.15178571428571427
48,4.9,1,2,1262.65,538.0,0,0,431.51,45.1,San Salvador,Clerk,Silver,631.325,0.3414790487872433,0.1
46,4.7,0,1,991.02,600.0,1,0,535.18,67.9,San Salvador,Technician,Gold,991.02,0.5394850910263905,0.1
53,5.9,0,2,572.84,541.0,0,0,194.34,9.3,Santa Ana,Technician,Silver,572.84,0.3386658301965705,0.10925925925925926
48,9.4,3,1,721.03,500.0,1,0,509.77,61.0,San Salvador,Technician,Gold,180.2575,0.7060232954309378,0.19183673469387755
26,3.7,0,2,1003.47,517.0,0,0,574.59,58.9,Sonsonate,Technician,Silver,1003.47,0.5720330124344182,0.13703703703703704
45,8.2,4,5,1775.9,560.0,1,0,937.31,89.3,San Salvador,Manager,Platinum,355.18,0.52749732680511,0.1782608695652174
35,1.7,0,1,1551.21,595.0,1,0,1055.91,46.6,Santa Ana,Manager,Gold,1551.21,0.6802623356375749,0.04722222222222222
30,0.0,0,1,1030.13,547.0,0,0,397.91,40.1,San Miguel,Technician,Gold,1030.13,0.38589702559328115,0.0
65,7.8,2,2,1675.07,615.0,0,0,826.14,66.2,San Salvador,Professional,Gold,558.3566666666667,0.4929030410424386,0.11818181818181818
50,9.7,2,1,999.28,506.0,0,0,399.37,54.4,La Unión,Manager,Silver,333.0933333333333,0.3992582077018435,0.19019607843137254
57,8.6,4,2,2498.74,527.0,1,0,1043.75,89.1,San Salvador,Manager,Platinum,499.74799999999993,0.41754342451614973,0.1482758620689655
45,6.9,1,4,360.39,515.0,0,0,147.39,39.3,San Salvador,Student,Silver,180.195,0.40784194360662995,0.15
41,5.3,3,2,748.19,566.0,1,0,446.24,60.0,San Miguel,Clerk,Gold,187.0475,0.5956299470094368,0.1261904761904762
29,1.0,3,3,977.08,468.0,1,1,557.83,65.0,La Libertad,Technician,Silver,244.27,0.5703316702110257,0.03333333333333333
22,0.0,1,1,1458.79,626.0,0,1,591.95,33.9,La Libertad,Professional,Platinum,729.395,0.40550353132984884,0.0
45,7.8,1,3,467.28,574.0,0,0,214.37,37.1,San Miguel,Clerk,Silver,233.64,0.4577816690868711,0.16956521739130434
43,5.0,0,1,4038.58,595.0,0,0,2059.51,100.0,San Salvador,Manager,Platinum,4038.58,0.5098327053802624,0.11363636363636363
61,9.7,1,1,2383.78,603.0,0,0,1051.1,63.9,La Libertad,Manager,Platinum,1191.89,0.4407534447622002,0.1564516129032258
55,8.0,1,1,1585.67,617.0,0,0,465.77,51.3,La Libertad,Technician,Silver,792.835,0.29355190430272204,0.14285714285714285
21,2.5,0,1,913.24,536.0,0,0,423.61,31.2,San Miguel,Manager,Platinum,913.24,0.46334660483024154,0.11363636363636363
58,8.2,1,1,1894.73,565.0,1,1,1357.55,67.6,San Salvador,Professional,Gold,947.365,0.7161093615652018,0.13898305084745763
59,6.5,0,2,2972.42,576.0,1,1,1392.7,100.0,San Salvador,Manager,Platinum,2972.42,0.4683832085611854,0.10833333333333334
40,2.5,2,2,913.17,547.0,0,1,398.26,47.5,La Unión,Clerk,Silver,304.39,0.43565201220779504,0.06097560975609756
41,5.4,1,1,1049.15,519.0,1,0,641.87,56.3,San Miguel,Clerk,Silver,524.575,0.6112174451268866,0.1285714285714286
50,4.8,2,1,1003.42,531.0,0,0,370.44,43.3,La Libertad,Clerk,Silver,334.4733333333333,0.36880986041695707,0.09411764705882353
23,3.5,2,2,1303.5,558.0,1,0,543.21,79.6,San Salvador,Professional,Platinum,434.5,0.41641241855116906,0.14583333333333334
73,11.4,0,2,1260.76,577.0,1,0,871.04,54.3,San Salvador,Self-Employed,Gold,1260.76,0.6903373066193254,0.15405405405405406
61,6.5,4,2,2124.74,575.0,1,1,893.91,77.9,Santa Ana,Professional,Gold,424.948,0.4205170905190663,0.10483870967741936
23,0.9,1,1,1676.91,552.0,1,1,1162.03,66.0,San Miguel,Technician,Silver,838.455,0.6925460841165497,0.0375
42,4.4,0,3,700.8,542.0,0,0,354.74,42.4,Sonsonate,Technician,Silver,700.8,0.5054716443431178,0.10232558139534885
33,5.4,0,1,1616.28,559.0,0,0,574.59,53.5,La Libertad,Technician,Silver,1616.28,0.35528170755836963,0.15882352941176472
65,9.2,1,1,1648.12,550.0,0,1,721.15,46.7,Santa Ana,Manager,Platinum,824.06,0.43729382943630546,0.13939393939393938
56,9.6,1,3,1178.85,547.0,0,1,619.42,67.0,Santa Ana,Professional,Gold,589.425,0.5249989405432894,0.16842105263157894
49,5.3,0,1,332.98,565.0,0,0,89.7,24.2,San Miguel,Student,Silver,332.98,0.26857895682376187,0.106
63,12.0,1,1,1017.62,581.0,1,0,524.72,62.5,San Miguel,Clerk,Silver,508.81,0.515128310851937,0.1875
29,0.0,3,1,761.66,596.0,0,0,334.91,43.0,San Salvador,Technician,Gold,190.415,0.4391340833398894,0.0
20,2.9,2,1,869.76,526.0,0,0,292.46,37.2,La Unión,Technician,Silver,289.92,0.33586751803022646,0.1380952380952381
50,8.7,0,2,1111.55,509.0,0,0,480.09,57.1,La Libertad,Professional,Platinum,1111.55,0.43152217877848187,0.17058823529411762
29,2.5,1,1,1201.77,550.0,1,0,652.78,70.6,San Salvador,Technician,Gold,600.885,0.5427305303590878,0.08333333333333333
51,6.7,0,1,3418.72,602.0,0,0,1765.61,90.5,San Salvador,Manager,Platinum,3418.72,0.5163025042985976,0.12884615384615386
40,4.5,3,1,1615.8,571.0,1,0,956.61,29.7,San Miguel,Professional,Gold,403.95,0.5916687283523009,0.10975609756097561
32,0.0,1,1,1054.56,572.0,1,1,418.5,59.9,San Miguel,Technician,Gold,527.28,0.3964720148546743,0.0
50,5.5,0,3,1626.73,537.0,1,0,897.96,71.9,San Salvador,Manager,Platinum,1626.73,0.5516639737548611,0.10784313725490197
23,0.1,0,2,371.66,546.0,1,1,208.67,15.0,San Salvador,Student,Silver,371.66,0.5599474051414157,0.004166666666666667
25,2.9,4,1,1996.63,519.0,0,0,701.11,58.8,San Salvador,Clerk,Silver,399.326,0.35097090051711277,0.11153846153846153
49,7.4,2,3,2554.88,650.0,1,0,1234.51,80.6,San Salvador,Manager,Platinum,851.6266666666667,0.48300780944332283,0.14800000000000002
26,4.3,0,2,909.49,596.0,1,0,367.25,36.4,San Salvador,Clerk,Silver,909.49,0.40335423782798274,0.15925925925925924
63,9.2,2,1,586.63,517.0,0,1,251.37,24.6,San Salvador,Student,Silver,195.54333333333332,0.42776917448054047,0.14375
40,7.1,0,1,713.65,537.0,1,0,456.0,43.5,San Salvador,Technician,Gold,713.65,0.6380745819631988,0.17317073170731706
49,6.8,2,4,1726.27,589.0,0,1,584.94,76.2,Santa Ana,Professional,Gold,575.4233333333333,0.3386500083947501,0.136
23,3.5,1,1,826.24,553.0,1,0,477.76,36.0,San Salvador,Technician,Gold,413.12,0.5775349354479957,0.14583333333333334
65,9.1,1,2,1438.94,562.0,0,0,352.29,52.7,La Libertad,Technician,Gold,719.47,0.24465602733447228,0.13787878787878788
66,6.1,1,1,2574.53,616.0,0,1,990.99,77.1,Santa Ana,Manager,Gold,1287.265,0.38477128979278047,0.09104477611940298
53,8.6,2,2,664.4,565.0,0,0,233.48,20.8,Sonsonate,Technician,Silver,221.46666666666667,0.35088668470093176,0.15925925925925924
42,6.6,2,2,1889.87,526.0,0,1,681.95,48.3,La Unión,Self-Employed,Gold,629.9566666666666,0.3606540904451391,0.15348837209302324
39,6.4,2,2,669.19,557.0,1,0,493.32,34.9,Santa Ana,Clerk,Silver,223.06333333333336,0.7360897655888627,0.16
68,7.8,3,2,2196.12,615.0,0,1,1240.34,59.8,San Miguel,Manager,Gold,549.03,0.5645299300903001,0.11304347826086956
28,0.7,3,2,870.11,551.0,0,0,338.86,38.0,La Libertad,Clerk,Silver,217.5275,0.3889979451504402,0.02413793103448276
18,3.1,1,2,1054.58,491.0,0,0,205.19,25.5,San Salvador,Technician,Gold,527.29,0.19438602474469013,0.1631578947368421
60,8.4,0,5,1813.88,584.0,0,1,849.22,68.1,San Salvador,Manager,Platinum,1813.88,0.46792074407123335,0.1377049180327869
56,9.2,0,1,2918.9,602.0,1,1,2038.71,90.3,La Libertad,Manager,Platinum,2918.9,0.698212267543409,0.1614035087719298
39,5.5,1,2,1348.04,608.0,1,0,748.95,58.3,Sonsonate,Clerk,Silver,674.02,0.5551725671588685,0.1375
40,2.1,0,2,997.51,534.0,1,0,501.45,44.6,San Salvador,Manager,Platinum,997.51,0.5021982754303913,0.051219512195121955
43,3.3,0,1,1466.04,523.0,1,0,906.99,68.7,Sonsonate,Technician,Silver,1466.04,0.6182449012978515,0.075
47,10.1,0,2,932.1,533.0,0,0,321.75,46.9,La Libertad,Professional,Gold,932.1,0.34481834744400386,0.21041666666666667
72,12.4,1,3,765.66,503.0,1,0,595.78,51.0,Santa Ana,Clerk,Silver,382.83,0.7771111053139592,0.16986301369863013
64,9.6,2,2,152.53,552.0,0,0,51.16,19.7,La Unión,Student,Silver,50.843333333333334,0.3332247769165635,0.14769230769230768
59,5.6,0,4,610.95,554.0,0,0,81.22,49.6,San Salvador,Clerk,Gold,610.95,0.1327232617043876,0.09333333333333332
46,6.8,4,2,1977.67,610.0,0,0,687.2,68.1,San Salvador,Manager,Platinum,395.534,0.3473039971293849,0.14468085106382977
20,0.0,1,2,1073.79,529.0,1,0,657.81,69.8,San Salvador,Technician,Silver,536.895,0.6120358395593557,0.0
60,6.8,2,2,2362.04,542.0,1,1,1891.5,88.6,Sonsonate,Manager,Gold,787.3466666666667,0.8004519601868779,0.11147540983606558
27,0.0,0,2,1711.38,564.0,1,0,759.56,67.6,San Miguel,Professional,Gold,1711.38,0.44356976839252965,0.0
57,6.8,2,1,1027.14,555.0,1,0,586.11,48.4,Santa Ana,Professional,Gold,342.38000000000005,0.5700682786390958,0.11724137931034483
27,5.0,0,2,481.18,565.0,0,0,225.69,25.7,Santa Ana,Clerk,Silver,481.18,0.4680617196897424,0.17857142857142858
26,0.0,4,1,1983.41,587.0,0,1,1290.59,66.8,San Salvador,Self-Employed,Silver,396.682,0.6503645919945978,0.0
68,7.8,0,1,1993.31,530.0,0,0,785.82,60.8,Sonsonate,Professional,Gold,1993.31,0.3940310182469125,0.11304347826086956
20,0.0,1,1,801.63,508.0,1,1,522.03,55.3,San Miguel,Clerk,Silver,400.815,0.6503993122609422,0.0
18,0.2,3,3,1781.02,567.0,0,0,813.0,62.8,San Salvador,Self-Employed,Gold,445.255,0.4562238358716513,0.010526315789473684
21,3.7,0,1,213.77,532.0,1,0,107.21,45.8,San Miguel,Student,Silver,213.77,0.49918517483819896,0.16818181818181818
51,8.5,2,1,606.86,469.0,0,0,360.24,29.6,San Miguel,Clerk,Silver,202.28666666666666,0.5926364623433027,0.16346153846153846
65,7.7,0,1,552.65,486.0,0,0,276.2,34.8,San Miguel,Clerk,Silver,552.65,0.49887112796893346,0.11666666666666667
56,6.9,2,3,610.61,596.0,1,0,340.09,60.6,La Unión,Self-Employed,Silver,203.53666666666666,0.5560569644054217,0.12105263157894737
58,8.0,0,1,246.74,580.0,1,0,138.07,45.5,Santa Ana,Student,Silver,246.74,0.5573181561314281,0.13559322033898305
47,3.3,1,3,521.05,507.0,1,1,415.14,54.3,San Miguel,Clerk,Silver,260.525,0.7952111866679438,0.06874999999999999
19,1.9,0,2,1713.56,570.0,0,0,351.79,48.3,San Miguel,Technician,Gold,1713.56,0.20517800485255694,0.095
61,7.7,0,5,1933.36,509.0,0,1,964.4,78.8,San Salvador,Manager,Platinum,1933.36,0.4985628321512025,0.12419354838709677
22,1.1,0,2,1277.66,531.0,0,0,419.29,40.3,Santa Ana,Technician,Gold,1277.66,0.3279135970469085,0.04782608695652174
34,6.8,1,1,1099.71,581.0,1,0,599.74,43.2,Santa Ana,Technician,Gold,549.855,0.5448664952621489,0.19428571428571428
63,9.1,0,2,1820.9,592.0,0,1,723.58,53.9,San Salvador,Manager,Platinum,1820.9,0.3971568143147264,0.1421875
72,9.7,2,1,1787.78,595.0,0,0,858.23,61.2,Santa Ana,Manager,Gold,595.9266666666666,0.479785104931853,0.1328767123287671
23,1.5,1,1,940.57,516.0,1,0,411.14,58.4,San Miguel,Technician,Silver,470.285,0.4366536741824824,0.0625
72,12.1,2,1,1163.62,560.0,1,1,638.41,65.5,Sonsonate,Professional,Gold,387.8733333333333,0.5481702186120795,0.16575342465753423
49,9.6,2,2,1176.7,604.0,0,1,624.61,32.4,San Salvador,Self-Employed,Gold,392.23333333333335,0.5303642693385412,0.192
43,4.1,2,1,920.7,576.0,1,0,479.01,47.1,San Salvador,Technician,Silver,306.90000000000003,0.5197027232288163,0.09318181818181817
38,3.6,3,1,2032.19,507.0,0,0,743.65,56.3,San Salvador,Manager,Platinum,508.0475,0.36575529094673886,0.09230769230769231
21,0.0,3,1,1184.61,574.0,0,0,635.56,38.2,Sonsonate,Self-Employed,Silver,296.1525,0.5360616054183078,0.0
36,3.5,1,1,711.68,539.0,0,1,135.07,30.7,Sonsonate,Professional,Silver,355.84,0.1895240500645451,0.0945945945945946
40,5.4,1,2,895.26,569.0,1,0,622.92,54.8,San Miguel,Technician,Silver,447.63,0.6950215339298864,0.13170731707317074
37,3.3,0,1,1539.85,541.0,0,1,572.38,38.7,Sonsonate,Technician,Silver,1539.85,0.3714702923710939,0.08684210526315789
61,8.7,1,1,1553.18,560.0,1,0,792.02,54.7,San Salvador,Technician,Gold,776.59,0.5096063519026109,0.1403225806451613
40,5.5,1,1,861.39,544.0,0,0,226.27,37.1,San Salvador,Technician,Gold,430.695,0.26237549136701493,0.13414634146341464
31,6.1,2,3,1287.34,604.0,0,1,535.2,51.3,La Libertad,Manager,Platinum,429.1133333333333,0.41541829020289683,0.190625
59,4.1,2,2,1785.03,604.0,1,1,1088.73,68.3,La Libertad,Professional,Gold,595.01,0.6095810260745901,0.06833333333333333
36,3.2,2,4,1386.42,526.0,0,0,582.12,65.4,San Salvador,Technician,Gold,462.14000000000004,0.4195701373772902,0.08648648648648649
30,1.6,2,1,577.68,546.0,0,0,196.05,16.4,San Miguel,Clerk,Silver,192.55999999999997,0.3387882767678165,0.05161290322580645
64,12.1,3,1,510.35,576.0,1,0,272.0,29.9,San Salvador,Student,Silver,127.5875,0.5319252957856654,0.18615384615384614
41,2.9,2,2,1024.17,519.0,0,0,399.42,27.6,San Miguel,Professional,Gold,341.39000000000004,0.38961342996771264,0.06904761904761905
49,8.7,0,2,1642.64,521.0,1,0,607.42,70.9,Sonsonate,Clerk,Silver,1642.64,0.36955781071280813,0.174
38,2.8,2,1,663.05,528.0,1,0,509.18,42.2,San Salvador,Technician,Gold,221.01666666666665,0.7667796099691289,0.07179487179487179
30,0.9,1,1,985.44,565.0,0,0,464.32,38.6,San Salvador,Technician,Gold,492.72,0.470702729005312,0.02903225806451613
64,8.8,2,1,906.85,599.0,0,1,552.95,27.0,San Salvador,Clerk,Gold,302.28333333333336,0.6090763892713554,0.1353846153846154
53,4.0,2,2,348.34,575.0,1,0,209.09,49.0,La Libertad,Student,Silver,116.11333333333333,0.59852865403332,0.07407407407407407
39,4.8,0,3,1593.29,581.0,0,0,570.56,50.9,La Libertad,Professional,Gold,1593.29,0.3578771741653024,0.12
27,2.7,0,3,1073.29,533.0,0,0,476.08,40.9,La Libertad,Technician,Gold,1073.29,0.44315780655130366,0.09642857142857143
65,6.6,1,1,708.93,514.0,0,1,316.21,14.4,San Miguel,Clerk,Silver,354.465,0.4454101108559999,0.09999999999999999
43,5.4,0,2,663.64,529.0,1,0,304.04,51.7,Sonsonate,Clerk,Silver,663.64,0.4574506499759269,0.12272727272727274
25,2.4,0,1,425.72,541.0,0,0,220.51,23.0,San Miguel,Student,Silver,425.72,0.5167557180352456,0.0923076923076923
58,7.4,0,5,2683.26,569.0,1,0,1993.15,100.0,Santa Ana,Manager,Platinum,2683.26,0.7425323925402159,0.12542372881355932
45,1.5,1,1,368.97,573.0,1,0,246.17,30.4,La Libertad,Student,Silver,184.485,0.6653782739141011,0.03260869565217391
54,7.3,0,2,629.36,485.0,1,0,359.71,48.5,La Unión,Technician,Silver,629.36,0.5706421727266958,0.13272727272727272
58,6.3,0,2,629.45,630.0,0,1,223.51,42.8,San Miguel,Technician,Gold,629.45,0.35452454595923544,0.10677966101694915
36,4.4,2,1,1033.16,567.0,1,0,425.76,52.5,San Salvador,Clerk,Silver,344.3866666666667,0.41169644929217913,0.11891891891891893
30,0.0,1,2,2133.35,562.0,0,1,533.68,63.1,San Salvador,Technician,Silver,1066.675,0.25004333872139056,0.0
61,9.3,0,3,741.36,494.0,1,0,414.83,56.5,San Miguel,Technician,Gold,741.36,0.5587989654615011,0.15000000000000002
45,4.1,0,1,677.67,608.0,1,0,400.73,62.8,Santa Ana,Technician,Gold,677.67,0.590463701062372,0.0891304347826087
71,10.2,0,3,772.35,635.0,0,1,353.58,53.2,San Salvador,Self-Employed,Gold,772.35,0.45720566367104154,0.14166666666666666
73,10.5,0,3,551.97,585.0,1,0,284.65,33.5,San Miguel,Student,Silver,551.97,0.5147657196592943,0.14189189189189189
68,8.6,0,1,707.24,539.0,0,0,170.3,61.3,San Miguel,Clerk,Silver,707.24,0.24045521292217328,0.12463768115942028
53,5.8,0,2,745.95,552.0,1,0,559.89,40.1,Santa Ana,Technician,Gold,745.95,0.7495682441930517,0.10740740740740741
43,7.5,0,2,676.12,482.0,0,0,255.0,27.6,La Libertad,Technician,Silver,676.12,0.37659499054820417,0.17045454545454544
19,0.0,1,2,2256.82,579.0,1,1,1036.85,64.4,Santa Ana,Manager,Platinum,1128.41,0.4592261562037717,0.0
54,9.7,0,3,1224.5,551.0,1,0,741.76,97.9,San Salvador,Professional,Platinum,1224.5,0.6052713178294573,0.17636363636363636
57,8.6,0,2,335.02,506.0,1,0,183.36,48.3,San Miguel,Student,Silver,335.02,0.5456818046544849,0.1482758620689655
69,5.7,1,2,1237.2,524.0,0,1,562.92,44.7,San Miguel,Professional,Gold,618.6,0.4546276853497011,0.08142857142857143
62,14.4,1,2,487.79,582.0,0,0,264.92,14.8,La Unión,Clerk,Silver,243.895,0.5419914482702183,0.22857142857142856
27,3.9,1,2,585.84,510.0,0,0,223.3,42.6,Santa Ana,Clerk,Silver,292.92,0.38051257582986847,0.1392857142857143
32,6.5,1,1,938.13,477.0,0,0,449.98,33.2,La Unión,Technician,Silver,469.065,0.47914559219703345,0.19696969696969696
35,5.2,0,1,275.15,528.0,0,0,84.33,21.3,San Miguel,Student,Silver,275.15,0.3053775122216187,0.14444444444444446
70,8.6,0,2,2527.75,562.0,1,1,2123.05,90.0,La Libertad,Professional,Platinum,2527.75,0.839565002471577,0.12112676056338027
36,5.0,1,5,873.14,583.0,0,0,367.06,51.9,San Salvador,Technician,Gold,436.57,0.4199098542567552,0.13513513513513514
48,7.1,1,3,614.63,540.0,0,0,285.19,59.0,San Salvador,Technician,Gold,307.315,0.463249029449507,0.14489795918367346
33,1.7,1,1,973.93,562.0,0,0,359.95,43.6,Sonsonate,Technician,Silver,486.965,0.3692059942765122,0.049999999999999996
57,7.7,1,3,188.71,562.0,0,0,80.23,31.3,Sonsonate,Student,Silver,94.355,0.4229086500448052,0.1327586206896552
26,0.0,0,3,2063.46,569.0,0,1,654.91,76.7,San Salvador,Professional,Platinum,2063.46,0.31723065595845884,0.0
73,14.6,0,2,2227.6,578.0,0,1,947.9,78.0,San Miguel,Manager,Platinum,2227.6,0.4253342905860181,0.19729729729729728
39,6.3,1,2,528.61,574.0,0,0,148.34,26.2,Sonsonate,Clerk,Silver,264.305,0.28009289854798813,0.1575
59,6.7,0,1,708.18,580.0,1,0,385.85,42.2,Santa Ana,Clerk,Silver,708.18,0.5440790772441412,0.11166666666666666
66,11.0,1,2,1474.98,543.0,0,1,578.07,60.4,Santa Ana,Technician,Silver,737.49,0.3916516483963198,0.16417910447761194
68,11.9,0,3,1359.85,613.0,1,0,792.16,67.3,Santa Ana,Technician,Gold,1359.85,0.5821067715031047,0.17246376811594202
25,1.3,1,1,1597.48,553.0,1,1,1042.79,52.9,Sonsonate,Professional,Gold,798.74,0.6523634953205545,0.05
63,11.4,2,4,1061.69,558.0,0,0,90.13,62.7,San Salvador,Technician,Silver,353.8966666666667,0.08481306872182856,0.178125
47,2.0,0,1,1189.5,612.0,0,0,501.74,40.3,San Salvador,Technician,Gold,1189.5,0.4214531709365813,0.041666666666666664
68,11.8,2,2,1101.69,542.0,1,1,409.18,73.8,Santa Ana,Clerk,Silver,367.23,0.3710743726704695,0.1710144927536232
38,3.1,0,2,2832.16,509.0,0,1,1468.98,76.7,San Salvador,Professional,Platinum,2832.16,0.5184952491211228,0.0794871794871795
40,6.5,1,2,1685.65,550.0,1,0,861.22,91.4,San Salvador,Technician,Gold,842.825,0.5106097886342751,0.15853658536585366
51,3.3,1,4,1541.37,558.0,0,1,791.12,51.6,Santa Ana,Technician,Gold,770.685,0.5129249142553344,0.06346153846153846
19,1.4,3,1,638.93,500.0,1,0,311.17,33.9,Santa Ana,Technician,Silver,159.7325,0.48625630928382796,0.06999999999999999
20,0.5,0,3,2508.59,564.0,1,1,1513.2,84.4,San Salvador,Manager,Platinum,2508.59,0.6029670185169689,0.023809523809523808
42,7.2,2,1,622.22,605.0,1,0,332.36,18.3,La Unión,Technician,Silver,207.40666666666667,0.5332948236577774,0.16744186046511628
58,10.1,2,3,1005.73,576.0,1,0,511.07,59.9,Sonsonate,Technician,Gold,335.24333333333334,0.5076534919988477,0.1711864406779661
25,1.7,2,2,826.55,485.0,0,0,445.15,35.8,La Libertad,Clerk,Silver,275.51666666666665,0.5379131170322035,0.06538461538461539
74,11.3,1,2,1772.63,548.0,0,1,1142.94,57.1,Santa Ana,Professional,Gold,886.315,0.6444072326246173,0.15066666666666667
53,10.1,1,1,1738.11,594.0,1,0,1277.38,66.6,La Unión,Professional,Gold,869.055,0.7345021304000323,0.18703703703703703
51,4.5,2,3,2617.45,581.0,0,0,621.05,85.8,Santa Ana,Manager,Platinum,872.4833333333332,0.23718230250720845,0.08653846153846154
42,7.1,1,5,716.76,491.0,1,1,371.81,61.0,San Salvador,Technician,Gold,358.38,0.5180143780650914,0.16511627906976745
57,5.6,1,3,781.7,587.0,0,1,290.17,39.1,San Miguel,Technician,Gold,390.85,0.37072952599974446,0.09655172413793103
25,3.0,0,1,1030.92,585.0,0,1,547.71,24.2,San Salvador,Technician,Gold,1030.92,0.5307678889836421,0.11538461538461539
49,5.7,1,2,629.33,558.0,1,0,460.5,47.9,La Unión,Technician,Silver,314.665,0.7305697015848841,0.114
69,10.3,0,4,615.05,633.0,1,0,434.75,62.9,La Unión,Clerk,Silver,615.05,0.7057057057057058,0.14714285714285716
66,12.5,1,1,1313.94,504.0,0,0,614.61,47.6,San Miguel,Self-Employed,Gold,656.97,0.4674053568984136,0.1865671641791045
61,8.4,0,1,984.65,602.0,0,1,227.35,38.3,San Miguel,Self-Employed,Gold,984.65,0.2306599705777913,0.13548387096774195
74,13.4,1,1,2611.88,586.0,1,0,2224.9,83.1,San Salvador,Self-Employed,Platinum,1305.94,0.8515125072716696,0.17866666666666667
69,8.6,0,4,793.74,561.0,1,0,421.9,47.0,San Salvador,Technician,Gold,793.74,0.5308654402697738,0.12285714285714285
45,5.0,0,2,1090.25,593.0,0,0,548.74,43.9,San Salvador,Technician,Gold,1090.25,0.5028545246277205,0.10869565217391304
54,8.7,0,2,669.39,544.0,0,0,319.6,37.5,San Miguel,Clerk,Silver,669.39,0.4767374215009174,0.15818181818181817
21,0.0,2,2,2170.9,529.0,0,1,1052.36,66.7,La Libertad,Professional,Gold,723.6333333333333,0.48453427874211513,0.0
51,8.8,0,4,2251.97,549.0,0,0,897.08,61.5,San Salvador,Manager,Platinum,2251.97,0.3981766290718474,0.16923076923076924
66,6.2,1,1,327.31,511.0,0,0,128.68,0.0,San Salvador,Student,Silver,163.655,0.39194663580152905,0.09253731343283582
56,9.0,0,2,1559.44,570.0,0,1,449.75,59.8,San Salvador,Professional,Platinum,1559.44,0.2882199892338058,0.15789473684210525
69,5.7,0,2,461.22,534.0,1,0,280.98,44.5,Santa Ana,Clerk,Silver,461.22,0.6078923456362771,0.08142857142857143
56,6.2,2,2,1905.14,521.0,1,1,1044.74,67.8,San Salvador,Manager,Platinum,635.0466666666667,0.5480919554702173,0.10877192982456141
57,7.2,0,2,1615.72,609.0,1,0,666.91,57.9,Santa Ana,Manager,Platinum,1615.72,0.4125080409718442,0.12413793103448276
63,10.9,0,2,2540.2,636.0,1,0,1339.57,84.0,San Salvador,Professional,Platinum,2540.2,0.5271407209192508,0.1703125
53,8.8,0,2,2137.77,567.0,1,0,965.63,82.3,San Salvador,Professional,Platinum,2137.77,0.4514884723462551,0.16296296296296298
61,11.3,2,3,1445.74,585.0,0,1,714.85,52.5,San Miguel,Technician,Gold,481.91333333333336,0.4941108976042689,0.18225806451612905
19,3.4,2,2,1028.91,558.0,1,0,420.51,52.5,Santa Ana,Technician,Gold,342.97,0.4082978124302123,0.16999999999999998
45,3.9,1,1,1519.69,616.0,1,1,818.88,73.7,San Miguel,Manager,Platinum,759.845,0.5384923948996837,0.08478260869565217
65,8.6,1,4,2020.46,601.0,1,0,1263.06,78.3,San Miguel,Manager,Platinum,1010.23,0.6248256210857499,0.1303030303030303
61,8.4,0,4,1273.14,551.0,0,0,467.12,57.7,San Salvador,Self-Employed,Gold,1273.14,0.36661591347889555,0.13548387096774195
65,10.8,1,2,516.85,573.0,0,1,194.46,26.3,La Unión,Technician,Silver,258.425,0.37551414502269,0.16363636363636364
72,11.7,1,5,609.46,579.0,1,0,368.63,86.1,Santa Ana,Clerk,Silver,304.73,0.6038561085083379,0.1602739726027397
67,12.8,0,2,235.37,663.0,0,0,76.5,38.3,Santa Ana,Student,Silver,235.37,0.32364513263104455,0.18823529411764706
45,5.1,1,3,2059.1,598.0,1,0,1662.56,72.9,San Miguel,Technician,Silver,1029.55,0.8070287850104364,0.1108695652173913
49,6.1,2,1,1014.82,490.0,1,0,540.0,34.5,Santa Ana,Professional,Silver,338.27333333333337,0.5315902423657735,0.122
34,1.8,3,3,662.73,487.0,0,0,314.63,53.9,San Salvador,Clerk,Silver,165.6825,0.47403311587543123,0.05142857142857143
42,3.8,0,2,1874.09,541.0,1,1,1358.33,73.3,La Libertad,Manager,Platinum,1874.09,0.7244078950877024,0.08837209302325581
37,0.6,0,3,773.13,550.0,1,0,425.93,52.7,San Salvador,Technician,Gold,773.13,0.5502047459728986,0.015789473684210527
68,11.1,0,3,1552.95,592.0,1,1,1147.39,65.2,San Salvador,Professional,Platinum,1552.95,0.738369960423437,0.1608695652173913
50,3.8,3,1,687.2,556.0,1,0,358.16,32.3,San Salvador,Clerk,Silver,171.8,0.5204301075268817,0.07450980392156863
27,1.5,1,2,1362.83,509.0,0,0,418.84,55.1,La Unión,Clerk,Silver,681.415,0.30710572432047983,0.05357142857142857
42,6.6,1,1,1255.26,558.0,1,0,798.6,47.0,San Miguel,Technician,Gold,627.63,0.6356964322672058,0.15348837209302324
18,0.0,3,3,1177.02,477.0,0,0,402.76,37.2,Sonsonate,Technician,Silver,294.255,0.3418957233323713,0.0
55,6.7,2,3,565.24,501.0,1,1,166.86,61.3,La Unión,Clerk,Silver,188.41333333333333,0.2946807007629274,0.11964285714285715
68,10.5,3,4,395.46,576.0,0,0,173.38,43.7,La Libertad,Student,Silver,98.865,0.43732028451798416,0.15217391304347827
38,3.6,2,1,350.72,585.0,1,0,212.31,45.3,San Salvador,Student,Silver,116.90666666666668,0.6036335721596724,0.09230769230769231
72,10.9,0,2,662.83,563.0,0,0,274.56,35.0,Santa Ana,Technician,Silver,662.83,0.4135998674359399,0.14931506849315068
19,0.9,3,3,626.67,552.0,0,0,162.31,34.2,Sonsonate,Technician,Silver,156.6675,0.2585912979750506,0.045
49,5.7,1,1,961.57,605.0,0,0,678.66,34.4,San Salvador,Professional,Gold,480.785,0.7050500223360379,0.114
68,9.5,1,2,745.14,581.0,0,1,385.59,33.1,San Miguel,Clerk,Silver,372.57,0.516779692819042,0.13768115942028986
64,5.2,0,1,298.17,511.0,1,0,258.35,36.9,Santa Ana,Student,Silver,298.17,0.8635558378179631,0.08
74,9.9,3,2,1378.05,526.0,0,1,627.9,62.9,San Salvador,Self-Employed,Gold,344.5125,0.45531344041187777,0.132
42,3.7,2,4,850.33,535.0,1,0,706.23,54.7,La Libertad,Clerk,Silver,283.4433333333333,0.8295608048582805,0.08604651162790698
51,6.7,3,2,599.09,553.0,0,0,225.89,52.7,San Salvador,Clerk,Silver,149.7725,0.37642686930293784,0.12884615384615386
44,2.3,2,2,1115.14,583.0,0,0,584.45,34.4,San Salvador,Professional,Platinum,371.71333333333337,0.523635027863888,0.05111111111111111
26,3.8,1,2,547.25,550.0,0,0,234.13,32.4,Sonsonate,Clerk,Silver,273.625,0.42704970360237116,0.14074074074074072
46,6.5,1,4,2347.09,539.0,0,0,683.57,88.6,San Salvador,Manager,Platinum,1173.545,0.29111746142609524,0.13829787234042554
18,0.0,1,1,1918.5,586.0,1,0,942.84,70.0,La Libertad,Professional,Platinum,959.25,0.49119041417035686,0.0
39,3.7,0,2,660.76,611.0,0,0,329.83,29.0,Santa Ana,Clerk,Silver,660.76,0.4984133220502901,0.0925
28,3.4,3,2,1081.9,537.0,1,0,560.39,55.4,San Salvador,Clerk,Silver,270.475,0.5174900729522578,0.11724137931034483
52,8.7,0,1,486.31,524.0,0,0,44.52,35.8,Santa Ana,Technician,Silver,486.31,0.09135868338429337,0.1641509433962264
31,3.0,2,1,2672.19,597.0,0,0,1736.68,74.4,La Libertad,Technician,Gold,890.73,0.649665755146473,0.09375
46,10.5,2,3,2015.52,595.0,0,0,923.36,73.3,San Miguel,Manager,Platinum,671.84,0.45789776446551483,0.22340425531914893
46,10.4,2,3,2224.06,623.0,0,1,473.84,63.8,San Miguel,Manager,Platinum,741.3533333333334,0.2129560551176148,0.22127659574468087
38,7.9,2,2,714.7,450.0,0,0,458.7,35.0,La Libertad,Technician,Silver,238.23333333333335,0.6409109962274695,0.20256410256410257
51,2.3,2,5,2489.9,564.0,0,0,1159.05,72.0,La Libertad,Manager,Platinum,829.9666666666667,0.46531374202095627,0.044230769230769226
64,7.6,2,1,1064.2,566.0,0,0,674.26,37.1,San Miguel,Technician,Gold,354.73333333333335,0.6329891100262861,0.11692307692307692
48,9.2,0,3,704.32,520.0,0,0,401.57,13.8,Santa Ana,Clerk,Silver,704.32,0.5693444110474678,0.1877551020408163
26,0.0,1,2,756.46,503.0,0,1,201.32,48.8,La Libertad,Self-Employed,Silver,378.23,0.2657830116441792,0.0
55,10.2,1,3,832.61,533.0,1,0,346.8,57.0,San Salvador,Clerk,Gold,416.305,0.41602188073559576,0.18214285714285713
57,10.3,0,1,1490.27,518.0,1,0,910.67,55.4,San Salvador,Professional,Platinum,1490.27,0.6106674177043727,0.17758620689655175
65,8.5,0,3,1143.73,573.0,0,0,338.29,46.2,San Miguel,Technician,Gold,1143.73,0.29551946747267915,0.12878787878787878
29,4.8,2,4,1250.07,500.0,0,0,390.35,52.9,La Libertad,Professional,Silver,416.69,0.31201291694309674,0.16
27,1.3,0,1,2346.54,543.0,1,0,1604.1,69.4,San Salvador,Manager,Platinum,2346.54,0.6833110404934527,0.04642857142857143
21,0.0,0,3,380.63,489.0,0,0,157.36,26.0,Santa Ana,Student,Silver,380.63,0.4123365563503918,0.0
61,7.6,0,4,254.02,500.0,1,0,158.5,39.0,La Libertad,Student,Silver,254.02,0.6215198807936633,0.12258064516129032
28,0.0,0,3,1097.38,543.0,1,0,495.83,65.4,San Salvador,Professional,Platinum,1097.38,0.4514193630619639,0.0
63,11.9,1,5,820.16,484.0,0,0,390.03,40.9,La Libertad,Technician,Silver,410.08,0.4749744264211603,0.1859375
62,11.2,0,4,1665.24,488.0,0,1,644.81,52.0,San Salvador,Professional,Gold,1665.24,0.3869850681774534,0.17777777777777776
22,1.9,1,2,1240.88,591.0,1,0,704.43,81.6,La Unión,Technician,Silver,620.44,0.5672287177505072,0.08260869565217391
51,8.1,1,3,1238.23,517.0,0,0,543.53,52.6,San Salvador,Professional,Gold,619.115,0.4386030034779661,0.15576923076923077
21,0.3,4,1,1542.16,599.0,1,0,665.26,58.3,Sonsonate,Manager,Silver,308.432,0.43110241322999554,0.013636363636363636
18,0.0,2,4,949.62,518.0,0,0,171.64,47.0,Sonsonate,Technician,Silver,316.54,0.18055584776251288,0.0
59,7.7,0,2,1568.4,527.0,0,1,388.42,45.8,San Miguel,Manager,Platinum,1568.4,0.2474958582897923,0.12833333333333333
25,0.0,0,3,661.96,570.0,0,0,351.37,53.2,San Salvador,Technician,Gold,661.96,0.5300018100639555,0.0
57,7.8,0,2,1282.56,569.0,1,0,739.36,56.1,Sonsonate,Self-Employed,Gold,1282.56,0.5760229362086696,0.13448275862068965
44,4.1,0,2,1013.89,561.0,0,0,270.59,57.1,Santa Ana,Professional,Gold,1013.89,0.26662002778626254,0.0911111111111111
31,2.4,0,3,1273.38,571.0,0,0,334.09,64.6,La Libertad,Technician,Gold,1273.38,0.2621588537171016,0.075
24,3.8,2,3,860.63,513.0,1,0,512.3,64.9,Sonsonate,Self-Employed,Silver,286.87666666666667,0.5945707554286642,0.152
63,7.1,0,5,973.35,517.0,0,0,215.24,58.9,San Salvador,Clerk,Gold,973.35,0.22090624518910043,0.1109375
64,9.6,0,2,811.65,567.0,1,0,553.62,69.9,San Salvador,Clerk,Gold,811.65,0.6812526918107427,0.14769230769230768
60,6.8,0,2,971.95,596.0,0,0,230.54,55.7,San Salvador,Self-Employed,Platinum,971.95,0.2369494835294722,0.11147540983606558
56,6.4,2,2,335.31,528.0,0,1,84.93,15.0,La Libertad,Student,Silver,111.77,0.2525348636674497,0.11228070175438597
63,8.4,1,2,2446.69,618.0,0,0,989.94,59.7,Sonsonate,Professional,Gold,1223.345,0.4044384705579547,0.13125
49,7.8,1,1,777.25,548.0,1,0,422.74,24.0,La Libertad,Technician,Gold,388.625,0.5431930613556055,0.156
67,8.4,2,1,1482.5,570.0,0,1,280.0,52.1,Sonsonate,Clerk,Silver,494.1666666666667,0.1887428378833839,0.12352941176470589
25,1.2,0,2,1789.04,543.0,0,1,692.08,51.8,San Miguel,Manager,Platinum,1789.04,0.3866282317713571,0.04615384615384615
43,2.3,1,2,350.28,534.0,0,0,29.28,49.6,Santa Ana,Student,Silver,175.14,0.0833523115463448,0.05227272727272727
34,4.9,0,1,727.24,495.0,0,0,269.74,26.7,San Miguel,Clerk,Silver,727.24,0.37039986817532683,0.14
37,4.8,2,3,957.57,490.0,0,0,154.59,47.2,San Miguel,Clerk,Gold,319.19,0.16127147730473518,0.12631578947368421
58,6.7,1,1,977.19,580.0,1,0,457.41,50.8,San Salvador,Clerk,Gold,488.595,0.46760854230773163,0.1135593220338983
35,0.9,0,3,835.93,581.0,0,0,359.87,47.0,La Unión,Professional,Gold,835.93,0.4299881710537321,0.025
73,10.9,0,3,1748.84,569.0,1,0,789.59,71.4,Santa Ana,Manager,Platinum,1748.84,0.4512355415352261,0.1472972972972973
31,0.7,3,1,234.25,611.0,0,0,48.69,7.6,Santa Ana,Student,Silver,58.5625,0.20697130712008502,0.021875
59,10.5,0,3,1782.13,605.0,0,0,500.27,66.3,San Salvador,Professional,Platinum,1782.13,0.28055722241227504,0.175
45,0.9,0,3,3043.1,549.0,1,1,1390.32,98.8,San Salvador,Manager,Platinum,3043.1,0.4567261259485562,0.01956521739130435
58,8.0,0,2,1795.41,541.0,0,0,415.59,58.7,San Salvador,Self-Employed,Gold,1795.41,0.23134473755991114,0.13559322033898305
51,6.8,1,1,1116.9,542.0,0,0,507.49,33.9,Santa Ana,Self-Employed,Gold,558.45,0.45396726004114857,0.13076923076923078
53,7.6,0,1,1350.4,651.0,0,0,504.2,55.1,La Libertad,Technician,Gold,1350.4,0.37309456859553053,0.14074074074074072
30,3.4,1,1,1931.3,585.0,1,0,886.85,75.3,La Unión,Professional,Gold,965.65,0.45896082388863013,0.10967741935483871
63,9.0,3,5,404.21,538.0,0,0,107.72,47.9,San Miguel,Student,Silver,101.0525,0.26583746699242367,0.140625
66,7.7,3,4,1941.54,546.0,0,0,830.47,62.7,San Salvador,Professional,Gold,485.385,0.42751758007557117,0.11492537313432837
73,11.0,2,1,936.95,545.0,0,0,441.31,33.6,San Salvador,Clerk,Silver,312.31666666666666,0.4705048243509782,0.14864864864864866
24,1.6,2,2,1497.51,501.0,1,0,756.27,57.6,San Miguel,Professional,Gold,499.17,0.5046813167746628,0.064
47,7.4,4,2,2414.87,591.0,0,1,588.99,64.6,La Libertad,Manager,Platinum,482.974,0.24380037005302438,0.15416666666666667
23,4.4,0,1,2266.11,599.0,0,0,1098.97,66.6,San Miguel,Technician,Silver,2266.11,0.48474489548367744,0.18333333333333335
34,0.6,1,1,1109.91,457.0,1,0,590.45,43.2,La Unión,Professional,Silver,554.955,0.5315012017175109,0.017142857142857144
66,5.6,2,2,1420.99,602.0,0,0,697.85,58.3,La Libertad,Technician,Silver,473.66333333333336,0.4907559124888361,0.0835820895522388
64,7.8,0,1,640.46,501.0,0,0,64.64,46.5,Sonsonate,Technician,Silver,640.46,0.10077011816792941,0.12
35,3.6,3,1,875.68,624.0,1,0,664.74,60.5,La Libertad,Clerk,Silver,218.92,0.758247022858968,0.1
24,3.1,0,2,642.02,490.0,0,0,318.47,31.7,Sonsonate,Clerk,Silver,642.02,0.49527230879288364,0.124
23,0.0,0,2,1665.72,600.0,1,0,895.01,66.3,Sonsonate,Professional,Gold,1665.72,0.5369888163578765,0.0
22,1.1,3,2,879.58,573.0,0,0,394.85,39.1,Sonsonate,Technician,Silver,219.895,0.4483976470053828,0.04782608695652174
27,2.3,1,2,784.54,582.0,1,0,456.08,38.6,Sonsonate,Professional,Silver,392.27,0.5805942409043461,0.08214285714285714
24,0.0,0,3,283.94,519.0,0,0,111.93,28.2,La Libertad,Student,Silver,283.94,0.39281954095599075,0.0
73,10.8,1,3,1241.05,623.0,0,1,491.9,60.7,San Miguel,Professional,Gold,620.525,0.39603880681132,0.14594594594594595
67,9.8,1,3,840.08,596.0,1,0,490.13,67.7,Santa Ana,Technician,Gold,420.04,0.5827388595615162,0.14411764705882354
48,7.0,0,4,1429.69,653.0,1,0,648.74,75.4,La Libertad,Technician,Gold,1429.69,0.4534455402637888,0.14285714285714285
64,7.8,0,1,1059.1,615.0,0,0,175.73,43.3,San Miguel,Technician,Silver,1059.1,0.16576738043580794,0.12
50,9.1,0,2,622.41,566.0,0,0,291.47,29.9,San Miguel,Clerk,Gold,622.41,0.46754142538618254,0.1784313725490196
62,8.3,0,1,901.11,549.0,1,0,346.22,52.0,Santa Ana,Technician,Gold,901.11,0.3837891166265755,0.13174603174603175
73,12.5,1,2,1645.38,617.0,0,0,96.58,34.4,Sonsonate,Professional,Gold,822.69,0.05866203428127163,0.16891891891891891
53,8.8,1,1,791.18,593.0,1,0,417.87,45.9,San Miguel,Clerk,Silver,395.59,0.5274937514201318,0.16296296296296298
21,1.2,0,1,631.54,568.0,0,0,295.58,22.1,Sonsonate,Clerk,Silver,631.54,0.4672906061276757,0.05454545454545454
34,0.6,1,1,297.33,570.0,1,0,163.57,28.5,La Libertad,Technician,Silver,148.665,0.5482854557034157,0.017142857142857144
62,9.7,1,1,543.62,501.0,0,0,208.63,17.8,Santa Ana,Clerk,Silver,271.81,0.3830744372222834,0.15396825396825395
30,0.0,0,4,1367.95,523.0,1,0,573.03,70.4,San Salvador,Professional,Gold,1367.95,0.4185908908287373,0.0
68,11.1,0,2,752.82,561.0,1,0,336.97,63.4,Sonsonate,Technician,Silver,752.82,0.4470165291448887,0.1608695652173913
23,0.9,1,2,919.08,610.0,0,0,352.53,41.8,San Salvador,Clerk,Gold,459.54,0.38315146508999215,0.0375
64,11.5,1,2,412.23,525.0,1,0,245.19,40.8,Santa Ana,Clerk,Silver,206.115,0.5933499503908235,0.17692307692307693
70,11.9,0,2,788.65,557.0,0,0,432.41,41.6,San Miguel,Technician,Gold,788.65,0.5475970366618123,0.1676056338028169
45,4.6,1,4,1312.53,566.0,0,1,490.25,56.2,San Salvador,Self-Employed,Platinum,656.265,0.3732309121222964,0.09999999999999999
21,1.2,0,2,506.2,511.0,0,0,121.52,8.8,La Libertad,Technician,Gold,506.2,0.23958990536277602,0.05454545454545454
33,0.0,3,2,675.07,596.0,0,0,450.53,19.3,Sonsonate,Clerk,Silver,168.7675,0.6663954915911073,0.0
66,7.1,2,3,3295.1,565.0,0,1,1376.63,100.0,San Salvador,Manager,Platinum,1098.3666666666666,0.41765419738478815,0.10597014925373134
42,5.3,0,2,1847.15,591.0,1,1,1299.52,58.4,San Salvador,Manager,Platinum,1847.15,0.7031463896328761,0.12325581395348836
18,0.1,2,2,594.72,561.0,0,1,113.01,29.5,San Miguel,Clerk,Silver,198.24,0.18970321627610287,0.005263157894736842
37,1.3,0,2,1271.15,635.0,0,1,651.21,64.7,San Salvador,Technician,Gold,1271.15,0.5118971819360925,0.034210526315789476
72,9.7,0,3,2010.55,613.0,0,0,1325.49,48.7,Santa Ana,Manager,Platinum,2010.55,0.6589396236732867,0.1328767123287671
39,3.2,1,1,4391.8,580.0,1,1,2115.03,100.0,San Salvador,Manager,Platinum,2195.9,0.4814765070114733,0.08
22,0.0,1,3,1737.39,557.0,1,0,620.09,82.8,Santa Ana,Self-Employed,Gold,868.695,0.35670361656475247,0.0
48,5.1,0,2,1137.76,569.0,1,0,526.48,50.0,San Salvador,Clerk,Silver,1137.76,0.4623274438863325,0.10408163265306122
72,8.6,1,3,930.25,541.0,0,0,418.77,62.4,San Salvador,Clerk,Silver,465.125,0.4496859060402684,0.1178082191780822
43,6.8,1,3,1570.31,562.0,1,0,824.63,72.9,La Libertad,Professional,Platinum,785.155,0.5248041443127073,0.15454545454545454
39,1.8,0,5,1379.58,524.0,1,0,924.69,69.9,San Salvador,Technician,Gold,1379.58,0.6697837140911791,0.045
39,4.0,1,3,3535.45,626.0,0,1,1221.5,90.3,San Salvador,Manager,Platinum,1767.725,0.3454028757652448,0.1
37,3.5,1,3,933.02,539.0,0,0,231.14,30.7,Santa Ana,Clerk,Silver,466.51,0.24746793430547526,0.09210526315789473
27,0.0,0,3,1210.15,531.0,0,1,482.77,52.1,Santa Ana,Professional,Silver,1210.15,0.398604631961359,0.0
57,7.5,0,2,2302.04,571.0,1,1,1026.64,83.9,San Salvador,Professional,Platinum,2302.04,0.4457760177851883,0.12931034482758622
72,9.0,0,2,1056.07,594.0,1,0,487.98,45.1,Santa Ana,Technician,Gold,1056.07,0.46163451805462274,0.1232876712328767
67,8.6,0,2,528.94,542.0,0,0,181.11,31.9,San Miguel,Technician,Silver,528.94,0.34175567045325883,0.1264705882352941
44,4.3,0,3,394.89,559.0,0,0,229.32,41.9,Santa Ana,Student,Silver,394.89,0.5792518123721235,0.09555555555555555
39,2.1,2,5,880.37,527.0,0,0,436.5,53.1,San Miguel,Technician,Gold,293.45666666666665,0.4952517104053916,0.052500000000000005
22,0.0,1,1,548.19,486.0,0,0,188.25,25.5,La Unión,Clerk,Silver,274.095,0.342777545111892,0.0
46,7.2,1,3,709.43,554.0,0,0,268.35,42.4,San Miguel,Technician,Silver,354.715,0.3777289810396521,0.15319148936170213
61,5.9,0,3,898.03,543.0,0,0,563.73,48.7,San Miguel,Technician,Silver,898.03,0.627042479116381,0.09516129032258065
26,1.6,3,2,687.33,560.0,0,0,332.14,40.1,San Miguel,Clerk,Silver,171.8325,0.48253018174422146,0.05925925925925926
67,11.1,0,4,503.47,581.0,0,0,141.5,62.1,La Unión,Clerk,Silver,503.47,0.28049239796221775,0.16323529411764706
65,9.9,0,2,1583.22,601.0,1,0,1069.84,66.2,La Libertad,Manager,Platinum,1583.22,0.6753102473141356,0.15
54,7.5,0,2,1384.5,653.0,0,0,695.17,57.7,Santa Ana,Professional,Gold,1384.5,0.501746661854926,0.13636363636363635
54,4.2,1,2,976.53,532.0,1,0,735.7,40.2,San Salvador,Technician,Gold,488.265,0.7526111730586275,0.07636363636363637
49,7.1,1,2,2089.15,570.0,1,0,1264.68,82.4,San Salvador,Self-Employed,Platinum,1044.575,0.6050666220127742,0.142
67,10.6,2,5,2697.97,607.0,1,0,1979.28,94.2,Santa Ana,Self-Employed,Gold,899.3233333333333,0.7333464247472185,0.15588235294117647
36,1.0,0,2,793.28,473.0,0,0,250.85,36.5,Sonsonate,Technician,Silver,793.28,0.3158206174145138,0.02702702702702703
68,9.7,0,3,1541.84,594.0,0,0,389.92,55.0,La Libertad,Manager,Gold,1541.84,0.25272873402297064,0.14057971014492754
57,7.3,2,1,1402.52,616.0,1,0,696.99,67.0,Santa Ana,Self-Employed,Silver,467.50666666666666,0.4966014021887825,0.12586206896551724
34,5.7,0,2,3010.77,599.0,0,0,1677.43,90.5,Santa Ana,Manager,Platinum,3010.77,0.5569582006594129,0.16285714285714287
29,6.4,0,4,657.33,604.0,0,0,219.61,31.5,La Libertad,Technician,Platinum,657.33,0.3335864991721477,0.21333333333333335
48,7.5,0,2,500.97,549.0,0,0,249.11,26.5,San Salvador,Student,Silver,500.97,0.49626471701496105,0.15306122448979592
65,9.5,0,2,3779.66,619.0,1,0,2605.4,100.0,San Salvador,Professional,Platinum,3779.66,0.6891389334137427,0.14393939393939395
52,7.2,2,2,515.38,506.0,0,1,210.86,26.0,San Salvador,Clerk,Silver,171.79333333333332,0.4083426933653511,0.13584905660377358
71,9.1,0,2,1084.63,616.0,0,0,629.92,21.9,Santa Ana,Professional,Platinum,1084.63,0.5802345182060186,0.12638888888888888
65,13.4,0,3,1172.51,547.0,1,0,665.08,62.2,San Miguel,Self-Employed,Gold,1172.51,0.5667442118090175,0.20303030303030303
50,9.5,0,1,914.55,554.0,0,1,270.94,14.3,San Miguel,Clerk,Gold,914.55,0.2959314073507728,0.18627450980392157
41,7.0,2,3,1224.94,522.0,0,0,450.95,47.9,La Libertad,Professional,Gold,408.31333333333333,0.3678401879374194,0.16666666666666666
37,4.4,4,3,2505.45,437.0,1,1,1508.88,83.7,Sonsonate,Manager,Silver,501.09,0.6019988429850985,0.11578947368421054
18,0.7,2,1,765.28,518.0,0,0,168.28,27.9,La Unión,Clerk,Silver,255.09333333333333,0.21960641018948687,0.03684210526315789
59,10.2,1,2,497.22,595.0,0,0,253.83,2.6,San Salvador,Clerk,Gold,248.61,0.5094737264662197,0.16999999999999998
42,6.4,1,4,1835.9,525.0,0,0,783.94,78.6,San Salvador,Manager,Platinum,917.95,0.42677336817464206,0.14883720930232558
58,6.9,3,2,711.88,524.0,1,0,341.39,58.8,La Unión,Professional,Silver,177.97,0.47888845247446976,0.11694915254237288
35,2.5,1,2,2131.22,558.0,0,0,915.99,63.1,La Libertad,Self-Employed,Gold,1065.61,0.4295945071334103,0.06944444444444445
19,1.3,0,1,936.88,517.0,1,0,558.42,44.0,San Salvador,Clerk,Gold,936.88,0.5954066618330703,0.065
38,4.4,0,1,943.68,498.0,1,0,578.21,47.9,La Libertad,Technician,Gold,943.68,0.6120696955582844,0.11282051282051284
42,4.2,3,2,730.49,502.0,0,0,269.7,44.5,San Miguel,Self-Employed,Silver,182.6225,0.3686995037526145,0.09767441860465116
55,8.2,0,1,488.15,546.0,1,0,354.04,61.2,La Unión,Clerk,Silver,488.15,0.7237861596647246,0.1464285714285714
59,7.4,3,1,488.79,556.0,0,0,211.96,16.3,San Miguel,Clerk,Silver,122.1975,0.43275689581249105,0.12333333333333334
49,6.8,3,1,1210.7,565.0,0,0,412.94,41.1,San Salvador,Professional,Gold,302.675,0.3407939258892465,0.136
40,3.5,0,3,867.83,576.0,1,0,593.74,51.4,San Miguel,Clerk,Silver,867.83,0.6833787967726713,0.08536585365853659
59,6.8,2,1,285.15,500.0,0,0,52.02,26.3,San Salvador,Student,Silver,95.05,0.18179276603180153,0.11333333333333333
47,6.5,0,3,397.58,493.0,0,0,144.96,31.6,San Miguel,Clerk,Silver,397.58,0.36369110341713085,0.13541666666666666
41,5.5,2,2,851.43,526.0,0,0,302.54,32.3,Santa Ana,Technician,Silver,283.81,0.3549147730605446,0.13095238095238096
19,2.3,1,1,964.28,471.0,0,1,370.28,47.5,San Salvador,Technician,Gold,482.14,0.383598541355876,0.11499999999999999
31,1.6,2,2,708.04,535.0,1,0,416.77,44.9,Sonsonate,Clerk,Silver,236.01333333333332,0.5877947647523412,0.05
30,3.6,0,3,847.71,584.0,0,1,360.49,50.1,La Libertad,Professional,Platinum,847.71,0.42475050370562384,0.11612903225806452
67,7.5,4,3,593.31,567.0,1,0,182.73,47.7,La Libertad,Student,Silver,118.66199999999999,0.30746580067641466,0.11029411764705882
26,0.0,0,2,974.81,553.0,0,0,325.9,40.8,La Unión,Professional,Gold,974.81,0.3339789508203441,0.0
68,9.2,0,1,1229.3,531.0,1,0,694.69,42.4,Santa Ana,Manager,Platinum,1229.3,0.5646508981549216,0.13333333333333333
49,3.4,1,5,2000.94,483.0,0,0,1000.03,72.2,San Salvador,Technician,Gold,1000.47,0.4995304554582055,0.068
29,2.5,1,1,839.78,503.0,1,0,360.69,41.1,San Salvador,Technician,Gold,419.89,0.42899450510240494,0.08333333333333333
68,14.5,1,3,759.63,541.0,1,0,568.67,43.8,La Libertad,Technician,Gold,379.815,0.7476302538685037,0.21014492753623187
71,8.4,0,1,797.85,559.0,0,0,397.05,29.9,Santa Ana,Professional,Platinum,797.85,0.4970269762784002,0.11666666666666667
67,11.7,1,3,3095.43,640.0,0,0,1509.34,80.8,San Salvador,Manager,Platinum,1547.715,0.4874452191717559,0.17205882352941176
36,3.9,0,3,692.94,576.0,0,0,310.24,39.8,Santa Ana,Professional,Gold,692.94,0.44707035190362276,0.1054054054054054
25,1.2,2,3,885.86,521.0,0,0,473.3,34.4,La Libertad,Technician,Silver,295.2866666666667,0.533680626028911,0.04615384615384615
25,1.8,0,1,395.24,486.0,1,0,226.0,52.8,Sonsonate,Clerk,Silver,395.24,0.5703613971330507,0.06923076923076923
74,13.5,2,1,1220.73,546.0,0,0,614.68,51.8,San Salvador,Technician,Gold,406.91,0.5031226212010836,0.18
26,3.0,0,3,2077.99,462.0,0,1,846.72,65.5,Santa Ana,Professional,Gold,2077.99,0.4072746862659273,0.1111111111111111
35,5.7,1,3,477.83,518.0,0,1,162.14,41.5,Sonsonate,Technician,Silver,238.915,0.3386170457155984,0.15833333333333333
31,0.0,0,4,1516.8,606.0,1,0,945.84,75.7,Santa Ana,Manager,Platinum,1516.8,0.6231651073922784,0.0
56,11.1,1,2,206.06,531.0,1,0,112.12,44.6,Santa Ana,Student,Silver,103.03,0.5414855597411379,0.19473684210526315
20,0.0,0,1,586.4,572.0,0,0,179.63,28.8,Santa Ana,Clerk,Silver,586.4,0.3058052434456929,0.0
23,0.0,0,3,670.76,488.0,1,0,365.86,58.6,Santa Ana,Clerk,Silver,670.76,0.5446290341788734,0.0
33,2.1,0,2,607.53,550.0,0,1,247.76,32.0,La Unión,Clerk,Silver,607.53,0.4071450873416265,0.061764705882352944
27,5.4,0,3,774.27,510.0,1,0,474.15,44.9,San Salvador,Technician,Silver,774.27,0.6115933803707095,0.19285714285714287
53,8.5,1,3,1046.86,501.0,0,1,376.11,49.1,San Miguel,Technician,Gold,523.43,0.35893153665566013,0.1574074074074074
71,6.2,0,1,1305.39,552.0,1,0,689.57,62.9,Santa Ana,Technician,Gold,1305.39,0.5278439057249367,0.08611111111111111
73,10.8,2,2,1250.89,587.0,1,0,876.6,58.3,Sonsonate,Self-Employed,Gold,416.96333333333337,0.7002212654466446,0.14594594594594595
60,10.7,2,5,1955.37,558.0,1,1,1398.13,100.0,La Libertad,Professional,Platinum,651.79,0.7146552032590973,0.17540983606557375
54,6.6,0,3,1817.18,524.0,0,1,899.78,48.3,Santa Ana,Technician,Gold,1817.18,0.49487949487949484,0.12
20,2.7,3,1,1455.83,563.0,0,0,805.69,47.0,La Libertad,Professional,Gold,363.9575,0.5530432514432021,0.1285714285714286
31,2.0,2,2,1825.54,558.0,0,0,310.6,54.2,La Libertad,Professional,Gold,608.5133333333333,0.1700482880199722,0.0625
51,5.7,0,2,398.87,536.0,0,0,237.35,14.4,San Miguel,Clerk,Silver,398.87,0.5935679095706105,0.10961538461538461
39,5.9,0,2,692.27,573.0,1,0,336.19,61.2,Santa Ana,Technician,Silver,692.27,0.48493371990710693,0.14750000000000002
55,7.9,2,1,701.29,482.0,0,0,239.9,16.3,San Salvador,Clerk,Silver,233.76333333333332,0.3415967762605192,0.14107142857142857
41,4.4,0,5,557.72,521.0,1,1,254.69,53.8,San Salvador,Clerk,Gold,557.72,0.4558455040091638,0.10476190476190476
42,6.8,2,2,1982.06,634.0,0,0,424.84,69.4,San Salvador,Professional,Gold,660.6866666666666,0.21423456678063194,0.15813953488372093
72,11.1,0,1,408.23,561.0,0,0,187.96,21.2,Santa Ana,Student,Silver,408.23,0.4593016152286001,0.15205479452054793
51,7.6,3,2,948.64,472.0,0,0,395.22,31.6,La Libertad,Clerk,Silver,237.16,0.4161787624784129,0.14615384615384613
43,8.0,4,1,904.18,588.0,1,0,486.08,36.7,Santa Ana,Technician,Silver,180.83599999999998,0.5369981661106078,0.18181818181818182
63,5.8,0,2,983.9,575.0,1,0,506.58,48.5,La Libertad,Professional,Gold,983.9,0.5143466341760585,0.090625
38,4.1,3,2,1762.06,569.0,0,0,646.46,61.6,San Miguel,Manager,Platinum,440.515,0.3666693135797988,0.10512820512820512
44,7.5,0,2,4532.66,564.0,0,0,1510.48,100.0,San Salvador,Professional,Platinum,4532.66,0.33317010980091144,0.16666666666666666
58,6.7,2,2,1061.48,574.0,0,1,280.68,31.0,San Miguel,Self-Employed,Silver,353.82666666666665,0.2641743844590016,0.1135593220338983
48,4.3,2,2,393.32,610.0,0,0,104.24,29.7,San Salvador,Student,Silver,131.10666666666665,0.2643538243051329,0.08775510204081632
19,1.9,2,2,1864.99,580.0,0,0,647.03,50.7,San Salvador,Professional,Gold,621.6633333333333,0.3467489107658669,0.095
70,13.8,1,3,2784.16,640.0,0,1,784.17,83.8,Santa Ana,Manager,Platinum,1392.08,0.2815529448936506,0.1943661971830986
25,1.3,4,1,989.35,586.0,1,0,556.36,44.9,La Libertad,Technician,Silver,197.87,0.5617811884687232,0.05
68,7.6,4,2,1497.08,591.0,1,0,936.71,70.9,Sonsonate,Clerk,Silver,299.416,0.6252736836484033,0.11014492753623188
49,4.0,0,2,2010.04,516.0,0,0,875.58,54.8,San Salvador,Professional,Gold,2010.04,0.4353866656058557,0.08
26,0.0,2,1,309.8,482.0,0,0,144.78,38.2,San Salvador,Student,Silver,103.26666666666667,0.4658301158301158,0.0
64,8.3,0,2,1069.35,578.0,1,0,700.46,55.1,San Salvador,Clerk,Silver,1069.35,0.6544214509272669,0.12769230769230772
37,3.5,0,2,763.71,550.0,0,0,334.34,38.8,Santa Ana,Clerk,Silver,763.71,0.43721149193812026,0.09210526315789473
23,0.0,0,2,909.35,473.0,0,0,474.75,47.2,San Salvador,Professional,Gold,909.35,0.5215027187345527,0.0
62,13.8,2,3,1672.89,539.0,1,1,1097.64,82.6,Santa Ana,Self-Employed,Gold,557.63,0.6557420141108437,0.21904761904761905
30,1.8,3,3,1407.78,483.0,1,0,1144.3,74.0,San Miguel,Clerk,Silver,351.945,0.8122630928888825,0.05806451612903226
52,4.0,0,1,708.46,538.0,1,0,240.9,39.0,San Miguel,Technician,Gold,708.46,0.3395540270064556,0.07547169811320754
68,10.3,0,1,768.37,574.0,0,1,289.03,31.4,Santa Ana,Clerk,Silver,768.37,0.3756710035483577,0.1492753623188406
74,13.4,3,1,329.8,571.0,0,0,199.61,20.6,Santa Ana,Student,Silver,82.45,0.603415961305925,0.17866666666666667
25,0.7,4,2,2051.89,521.0,1,0,805.72,60.5,San Miguel,Self-Employed,Silver,410.378,0.3924808440783481,0.02692307692307692
64,8.6,0,3,319.59,571.0,1,0,167.65,50.7,San Salvador,Student,Silver,319.59,0.522942075548208,0.1323076923076923
48,5.6,2,2,625.27,593.0,0,0,258.04,23.0,San Salvador,Clerk,Gold,208.42333333333332,0.4120267616203874,0.11428571428571428
61,8.7,0,1,1209.44,627.0,0,0,632.03,28.3,San Miguel,Professional,Gold,1209.44,0.5221489706222531,0.1403225806451613
23,0.0,0,2,1812.19,476.0,0,0,496.98,68.8,Santa Ana,Professional,Silver,1812.19,0.2740915182633921,0.0
55,7.2,2,3,914.82,599.0,1,1,627.84,55.7,San Miguel,Clerk,Silver,304.94,0.6855495621410321,0.1285714285714286
32,4.0,1,3,4074.8,627.0,0,1,1180.92,100.0,San Salvador,Manager,Platinum,2037.4,0.289739437656411,0.12121212121212122
40,2.4,4,1,3165.7,527.0,0,1,138.98,97.8,Sonsonate,Manager,Gold,633.14,0.04388795907411501,0.058536585365853655
41,2.4,0,2,2153.37,579.0,1,0,1294.53,63.4,San Salvador,Professional,Platinum,2153.37,0.6008856417421334,0.05714285714285714
72,13.3,1,3,1645.86,498.0,1,0,832.4,74.5,San Salvador,Professional,Platinum,822.93,0.5054467289265633,0.1821917808219178
55,5.6,2,2,905.26,607.0,0,0,466.5,33.9,Sonsonate,Clerk,Silver,301.75333333333333,0.5147529406572066,0.09999999999999999
62,12.6,0,2,1013.07,606.0,0,0,196.71,27.2,San Salvador,Clerk,Gold,1013.07,0.19398069166822804,0.19999999999999998
45,3.1,2,3,675.21,570.0,0,0,0.0,40.9,San Salvador,Clerk,Gold,225.07000000000002,0.0,0.06739130434782609
73,14.1,0,2,514.59,542.0,0,0,276.55,9.1,La Unión,Clerk,Silver,514.59,0.5363758024787137,0.19054054054054054
19,0.0,3,2,857.59,617.0,0,0,232.12,38.0,San Salvador,Clerk,Silver,214.3975,0.27035022536950115,0.0
62,9.2,0,4,1488.83,623.0,0,0,508.38,93.9,Sonsonate,Professional,Gold,1488.83,0.3412335635609432,0.146031746031746
41,6.1,0,3,272.26,559.0,1,0,148.21,44.1,La Libertad,Student,Silver,272.26,0.5423772231574325,0.14523809523809522
25,0.0,0,3,1981.42,542.0,0,1,1164.35,66.9,San Salvador,Professional,Gold,1981.42,0.5873376983686605,0.0
58,6.0,0,1,454.12,503.0,1,0,372.03,37.6,Santa Ana,Clerk,Silver,454.12,0.8174327649850588,0.1016949152542373
71,8.1,0,2,2425.54,598.0,0,0,843.05,49.1,Santa Ana,Professional,Platinum,2425.54,0.3474288493080683,0.11249999999999999
71,7.8,0,2,1752.56,583.0,0,0,280.76,51.6,Sonsonate,Professional,Gold,1752.56,0.16010857911904924,0.10833333333333334
72,15.1,1,1,1967.69,577.0,0,0,935.51,68.0,La Libertad,Manager,Platinum,983.845,0.4751941646475575,0.20684931506849313
47,3.9,2,1,801.13,551.0,0,0,319.91,28.4,San Salvador,Clerk,Silver,267.04333333333335,0.3988256267687283,0.08125
20,0.0,0,1,2386.86,523.0,1,1,1779.1,92.0,San Miguel,Professional,Gold,2386.86,0.7450604306785155,0.0
37,3.4,2,3,1818.89,561.0,0,1,1080.84,65.8,San Salvador,Manager,Platinum,606.2966666666667,0.593904027166477,0.08947368421052632
28,3.5,3,3,975.53,492.0,1,1,516.54,59.1,Santa Ana,Technician,Silver,243.8825,0.5289545636078768,0.1206896551724138
22,3.9,1,4,1545.35,536.0,1,1,933.28,73.9,San Salvador,Technician,Platinum,772.675,0.6035373621754454,0.16956521739130434
62,10.5,1,1,1262.26,545.0,1,0,826.9,60.3,Sonsonate,Self-Employed,Silver,631.13,0.6545762550860472,0.16666666666666666
55,4.8,0,1,3628.8,596.0,1,1,2796.6,90.2,La Libertad,Manager,Platinum,3628.8,0.7704556724888423,0.08571428571428572
30,2.3,0,2,422.45,500.0,0,0,107.13,41.7,San Salvador,Student,Silver,422.45,0.25299326957137797,0.07419354838709677
36,4.7,0,2,719.13,519.0,1,1,438.76,53.2,Santa Ana,Clerk,Silver,719.13,0.6092788802021857,0.12702702702702703
40,4.1,0,2,1794.59,583.0,0,1,468.95,74.9,Santa Ana,Manager,Platinum,1794.59,0.2611676384920834,0.09999999999999999
38,3.7,4,1,668.34,493.0,0,0,371.95,19.2,Santa Ana,Technician,Silver,133.668,0.5556966564078046,0.09487179487179488
25,0.3,1,3,1676.17,583.0,0,1,1181.06,70.5,San Salvador,Manager,Platinum,838.085,0.7041981433009176,0.011538461538461537
30,2.2,2,3,683.43,483.0,1,0,379.78,54.2,La Libertad,Clerk,Silver,227.80999999999997,0.5548850868605993,0.07096774193548387
70,11.1,0,3,1502.85,580.0,1,1,1020.1,63.2,San Salvador,Professional,Platinum,1502.85,0.6783256308807395,0.15633802816901407
25,0.0,0,3,968.54,521.0,1,0,585.58,50.1,San Salvador,Technician,Gold,968.54,0.6039771438001527,0.0
37,4.2,0,2,2591.6,563.0,0,0,1548.57,66.8,Santa Ana,Manager,Platinum,2591.6,0.5973038648461004,0.1105263157894737
53,6.8,2,2,865.58,543.0,0,0,472.89,46.8,San Salvador,Technician,Silver,288.5266666666667,0.5456968773800457,0.1259259259259259
71,5.8,1,1,1044.67,601.0,1,1,743.24,43.0,La Libertad,Technician,Silver,522.335,0.7107787351650138,0.08055555555555555
29,0.0,0,3,352.82,585.0,1,0,212.59,36.1,San Miguel,Student,Silver,352.82,0.6008422361652818,0.0
31,6.3,2,4,586.56,580.0,1,0,397.85,62.0,Santa Ana,Clerk,Silver,195.51999999999998,0.6771223364422357,0.196875
27,2.2,0,2,1684.65,555.0,0,0,807.72,53.4,San Salvador,Professional,Gold,1684.65,0.47917420579598374,0.07857142857142858
47,7.2,0,1,795.21,537.0,0,0,322.94,44.3,Santa Ana,Technician,Silver,795.21,0.40559651348262393,0.15
66,10.2,1,1,440.76,565.0,0,0,101.95,19.0,San Miguel,Clerk,Silver,220.38,0.2307814197754437,0.15223880597014924
38,2.9,0,2,1859.54,550.0,1,0,965.01,67.6,San Salvador,Professional,Gold,1859.54,0.5186719984520624,0.07435897435897436
41,6.2,1,4,1379.21,544.0,0,1,402.8,67.8,San Salvador,Professional,Gold,689.605,0.29183964758985953,0.14761904761904762
63,7.6,0,2,656.11,594.0,0,0,212.35,25.4,San Miguel,Self-Employed,Gold,656.11,0.3231574622209371,0.11875
73,11.3,4,1,1869.72,537.0,0,0,474.83,51.6,San Salvador,Technician,Silver,373.944,0.253822057817311,0.15270270270270273
47,5.8,2,3,1139.61,477.0,1,1,382.65,70.9,La Unión,Professional,Silver,379.86999999999995,0.335478384373274,0.12083333333333333
59,7.4,1,1,1891.24,529.0,0,0,440.31,65.4,San Miguel,Manager,Platinum,945.62,0.23269247029975057,0.12333333333333334
39,4.6,0,1,1137.8,563.0,0,1,433.54,56.0,San Salvador,Technician,Gold,1137.8,0.38069898138391295,0.11499999999999999
26,4.8,2,3,570.18,543.0,1,0,322.48,62.6,San Salvador,Student,Silver,190.05999999999997,0.5645855947337093,0.17777777777777778
71,8.3,0,1,678.41,491.0,1,0,568.23,31.7,Sonsonate,Technician,Gold,678.41,0.8363580165143287,0.11527777777777778
35,4.5,0,1,417.84,525.0,0,1,84.67,26.6,Sonsonate,Professional,Silver,417.84,0.20215356699455642,0.125
49,5.3,1,2,1893.77,564.0,0,1,899.48,63.1,San Salvador,Self-Employed,Platinum,946.885,0.4747172480037155,0.106
43,4.5,0,3,806.26,565.0,1,0,429.23,25.6,San Miguel,Clerk,Silver,806.26,0.531712211679013,0.10227272727272728
64,8.6,0,2,524.71,626.0,1,0,219.78,29.0,San Miguel,Student,Silver,524.71,0.4180631907325331,0.1323076923076923
35,5.6,2,2,576.83,533.0,0,0,256.96,24.8,Sonsonate,Clerk,Silver,192.27666666666667,0.4446982676565771,0.15555555555555556
31,1.2,3,3,1300.59,567.0,0,1,542.13,60.1,San Salvador,Self-Employed,Platinum,325.1475,0.41651364869121615,0.0375
28,3.0,0,1,346.64,615.0,1,0,208.4,35.0,Santa Ana,Student,Silver,346.64,0.599470716833506,0.10344827586206896
34,3.7,0,1,386.21,528.0,0,1,198.85,24.7,San Salvador,Student,Silver,386.21,0.513545621239121,0.10571428571428572
57,8.5,0,2,5256.65,587.0,0,1,1622.51,100.0,San Miguel,Manager,Platinum,5256.65,0.30859984974275584,0.14655172413793102
34,2.3,4,2,862.71,538.0,0,0,484.74,42.5,San Salvador,Clerk,Silver,172.542,0.5612300424911139,0.06571428571428571
18,0.9,1,2,761.35,511.0,0,0,268.7,35.7,La Unión,Professional,Silver,380.675,0.3524627795631927,0.04736842105263158
29,5.8,1,2,703.54,537.0,1,0,168.87,47.3,La Libertad,Clerk,Silver,351.77,0.2396883072643143,0.19333333333333333
54,7.1,0,3,1034.77,577.0,0,0,447.95,45.2,San Miguel,Professional,Gold,1034.77,0.43248018382459424,0.1290909090909091
36,4.0,2,4,2501.55,563.0,0,0,1163.22,83.0,Sonsonate,Manager,Platinum,833.85,0.464813889832371,0.10810810810810811
51,5.4,1,2,1206.36,582.0,0,0,653.91,19.8,San Salvador,Clerk,Gold,603.18,0.5416031672409224,0.10384615384615385
26,2.5,0,2,1055.88,569.0,0,0,462.54,48.7,La Libertad,Technician,Silver,1055.88,0.437646658087957,0.09259259259259259
64,6.6,2,4,1353.23,618.0,0,0,519.49,59.1,Sonsonate,Professional,Gold,451.07666666666665,0.3836054436838646,0.10153846153846154
38,3.7,0,2,1849.83,560.0,0,0,381.97,59.6,San Miguel,Self-Employed,Gold,1849.83,0.20637767920338446,0.09487179487179488
70,4.9,0,3,2014.69,504.0,0,0,1078.66,65.0,San Miguel,Professional,Gold,2014.69,0.5351318903204362,0.06901408450704226
66,9.4,0,3,1030.35,610.0,1,1,443.37,70.3,San Salvador,Technician,Gold,1030.35,0.429892858874291,0.14029850746268657
58,3.8,1,4,1221.49,605.0,1,0,925.88,63.7,San Salvador,Self-Employed,Platinum,610.745,0.7573722484437501,0.06440677966101695
41,2.3,4,1,658.0,612.0,1,0,368.5,36.4,Santa Ana,Self-Employed,Gold,131.6,0.5591805766312595,0.054761904761904755
61,7.5,0,5,778.99,494.0,1,0,326.47,72.3,San Miguel,Clerk,Silver,778.99,0.41855664816215593,0.12096774193548387
58,8.7,0,1,347.32,500.0,1,0,143.51,54.9,San Miguel,Student,Silver,347.32,0.4120062011943041,0.14745762711864405
65,9.2,2,2,1161.51,532.0,0,0,519.61,29.3,Santa Ana,Professional,Gold,387.17,0.44697249916129755,0.13939393939393938
66,13.1,1,2,420.19,522.0,0,0,91.09,21.0,San Miguel,Clerk,Silver,210.095,0.21626819250219617,0.19552238805970149
